pid,item_id,gold_type,n_pages,prop_type,prop_render,part_a,variant,rank,rr,r1,r5
Q001,P1,chart,77,chart,True,False,q_text,1,1.0,True,True
Q001,P1,chart,77,chart,True,False,spec_text,12,0.08333333333333333,False,False
Q001,P1,chart,77,chart,True,False,code_img,12,0.08333333333333333,False,False
Q001,P1,chart,77,chart,True,False,gen_img,11,0.09090909090909091,False,False
Q001,P1,chart,77,chart,True,False,qimg,1,1.0,True,True
Q001,P1,chart,77,chart,True,False,fuse_code,2,0.5,False,True
Q001,P1,chart,77,chart,True,False,fuse_gen,2,0.5,False,True
Q001,P1,chart,77,chart,True,False,fuse_spec_text,2,0.5,False,True
Q002,A18,table,44,text,False,True,q_text,1,1.0,True,True
Q002,A18,table,44,text,False,True,spec_text,1,1.0,True,True
Q002,A18,table,44,text,False,True,spec_text_h,1,1.0,True,True
Q002,A18,table,44,text,False,True,code_img,1,1.0,True,True
Q002,A18,table,44,text,False,True,gen_img,1,1.0,True,True
Q002,A18,table,44,text,False,True,qimg,1,1.0,True,True
Q002,A18,table,44,text,False,True,code_img_h,1,1.0,True,True
Q002,A18,table,44,text,False,True,gen_img_h,1,1.0,True,True
Q002,A18,table,44,text,False,True,oracle,1,1.0,True,True
Q002,A18,table,44,text,False,True,fuse_code,1,1.0,True,True
Q002,A18,table,44,text,False,True,fuse_gen,1,1.0,True,True
Q002,A18,table,44,text,False,True,fuse_spec_text,1,1.0,True,True
Q002,A18,table,44,text,False,True,fuse_code_h,1,1.0,True,True
Q002,A18,table,44,text,False,True,fuse_gen_h,1,1.0,True,True
Q003,A37,text,15,layout,True,False,q_text,2,0.5,False,True
Q003,A37,text,15,layout,True,False,spec_text,1,1.0,True,True
Q003,A37,text,15,layout,True,False,code_img,1,1.0,True,True
Q003,A37,text,15,layout,True,False,gen_img,6,0.16666666666666666,False,False
Q003,A37,text,15,layout,True,False,qimg,4,0.25,False,True
Q003,A37,text,15,layout,True,False,fuse_code,1,1.0,True,True
Q003,A37,text,15,layout,True,False,fuse_gen,3,0.3333333333333333,False,True
Q003,A37,text,15,layout,True,False,fuse_spec_text,1,1.0,True,True
Q004,,figure,78,layout,True,False,q_text,3,0.3333333333333333,False,True
Q004,,figure,78,layout,True,False,spec_text,2,0.5,False,True
Q004,,figure,78,layout,True,False,code_img,1,1.0,True,True
Q004,,figure,78,layout,True,False,gen_img,3,0.3333333333333333,False,True
Q004,,figure,78,layout,True,False,qimg,2,0.5,False,True
Q004,,figure,78,layout,True,False,fuse_code,2,0.5,False,True
Q004,,figure,78,layout,True,False,fuse_gen,3,0.3333333333333333,False,True
Q004,,figure,78,layout,True,False,fuse_spec_text,2,0.5,False,True
Q005,,chart,30,chart,True,False,q_text,1,1.0,True,True
Q005,,chart,30,chart,True,False,spec_text,1,1.0,True,True
Q005,,chart,30,chart,True,False,code_img,1,1.0,True,True
Q005,,chart,30,chart,True,False,gen_img,1,1.0,True,True
Q005,,chart,30,chart,True,False,qimg,1,1.0,True,True
Q005,,chart,30,chart,True,False,fuse_code,1,1.0,True,True
Q005,,chart,30,chart,True,False,fuse_gen,1,1.0,True,True
Q005,,chart,30,chart,True,False,fuse_spec_text,1,1.0,True,True
Q006,A29,table,20,table,True,False,q_text,1,1.0,True,True
Q006,A29,table,20,table,True,False,spec_text,1,1.0,True,True
Q006,A29,table,20,table,True,False,code_img,1,1.0,True,True
Q006,A29,table,20,table,True,False,gen_img,1,1.0,True,True
Q006,A29,table,20,table,True,False,qimg,1,1.0,True,True
Q006,A29,table,20,table,True,False,fuse_code,1,1.0,True,True
Q006,A29,table,20,table,True,False,fuse_gen,1,1.0,True,True
Q006,A29,table,20,table,True,False,fuse_spec_text,1,1.0,True,True
Q007,,text,18,figure,True,False,q_text,1,1.0,True,True
Q007,,text,18,figure,True,False,spec_text,1,1.0,True,True
Q007,,text,18,figure,True,False,code_img,1,1.0,True,True
Q007,,text,18,figure,True,False,gen_img,2,0.5,False,True
Q007,,text,18,figure,True,False,qimg,1,1.0,True,True
Q007,,text,18,figure,True,False,fuse_code,1,1.0,True,True
Q007,,text,18,figure,True,False,fuse_gen,2,0.5,False,True
Q007,,text,18,figure,True,False,fuse_spec_text,1,1.0,True,True
Q008,,figure,20,layout,True,False,q_text,2,0.5,False,True
Q008,,figure,20,layout,True,False,spec_text,5,0.2,False,True
Q008,,figure,20,layout,True,False,code_img,3,0.3333333333333333,False,True
Q008,,figure,20,layout,True,False,gen_img,2,0.5,False,True
Q008,,figure,20,layout,True,False,qimg,9,0.1111111111111111,False,False
Q008,,figure,20,layout,True,False,fuse_code,2,0.5,False,True
Q008,,figure,20,layout,True,False,fuse_gen,2,0.5,False,True
Q008,,figure,20,layout,True,False,fuse_spec_text,3,0.3333333333333333,False,True
Q009,,text,15,text,False,False,q_text,1,1.0,True,True
Q009,,text,15,text,False,False,spec_text,1,1.0,True,True
Q009,,text,15,text,False,False,code_img,1,1.0,True,True
Q009,,text,15,text,False,False,gen_img,1,1.0,True,True
Q009,,text,15,text,False,False,qimg,1,1.0,True,True
Q009,,text,15,text,False,False,fuse_code,1,1.0,True,True
Q009,,text,15,text,False,False,fuse_gen,1,1.0,True,True
Q009,,text,15,text,False,False,fuse_spec_text,1,1.0,True,True
Q010,A34,table,75,table,True,False,q_text,27,0.037037037037037035,False,False
Q010,A34,table,75,table,True,False,spec_text,3,0.3333333333333333,False,True
Q010,A34,table,75,table,True,False,code_img,3,0.3333333333333333,False,True
Q010,A34,table,75,table,True,False,gen_img,3,0.3333333333333333,False,True
Q010,A34,table,75,table,True,False,qimg,44,0.022727272727272728,False,False
Q010,A34,table,75,table,True,False,fuse_code,4,0.25,False,True
Q010,A34,table,75,table,True,False,fuse_gen,4,0.25,False,True
Q010,A34,table,75,table,True,False,fuse_spec_text,7,0.14285714285714285,False,False
Q011,,figure,23,figure,True,False,q_text,1,1.0,True,True
Q011,,figure,23,figure,True,False,spec_text,1,1.0,True,True
Q011,,figure,23,figure,True,False,code_img,1,1.0,True,True
Q011,,figure,23,figure,True,False,gen_img,2,0.5,False,True
Q011,,figure,23,figure,True,False,qimg,1,1.0,True,True
Q011,,figure,23,figure,True,False,fuse_code,1,1.0,True,True
Q011,,figure,23,figure,True,False,fuse_gen,1,1.0,True,True
Q011,,figure,23,figure,True,False,fuse_spec_text,1,1.0,True,True
Q012,,chart,23,chart,True,False,q_text,1,1.0,True,True
Q012,,chart,23,chart,True,False,spec_text,1,1.0,True,True
Q012,,chart,23,chart,True,False,code_img,1,1.0,True,True
Q012,,chart,23,chart,True,False,gen_img,1,1.0,True,True
Q012,,chart,23,chart,True,False,qimg,3,0.3333333333333333,False,True
Q012,,chart,23,chart,True,False,fuse_code,1,1.0,True,True
Q012,,chart,23,chart,True,False,fuse_gen,1,1.0,True,True
Q012,,chart,23,chart,True,False,fuse_spec_text,1,1.0,True,True
Q013,,figure,17,figure,True,False,q_text,5,0.2,False,True
Q013,,figure,17,figure,True,False,spec_text,10,0.1,False,False
Q013,,figure,17,figure,True,False,code_img,16,0.0625,False,False
Q013,,figure,17,figure,True,False,gen_img,11,0.09090909090909091,False,False
Q013,,figure,17,figure,True,False,qimg,6,0.16666666666666666,False,False
Q013,,figure,17,figure,True,False,fuse_code,12,0.08333333333333333,False,False
Q013,,figure,17,figure,True,False,fuse_gen,9,0.1111111111111111,False,False
Q013,,figure,17,figure,True,False,fuse_spec_text,10,0.1,False,False
Q014,,chart,28,chart,True,False,q_text,1,1.0,True,True
Q014,,chart,28,chart,True,False,spec_text,1,1.0,True,True
Q014,,chart,28,chart,True,False,code_img,1,1.0,True,True
Q014,,chart,28,chart,True,False,gen_img,1,1.0,True,True
Q014,,chart,28,chart,True,False,qimg,1,1.0,True,True
Q014,,chart,28,chart,True,False,fuse_code,1,1.0,True,True
Q014,,chart,28,chart,True,False,fuse_gen,1,1.0,True,True
Q014,,chart,28,chart,True,False,fuse_spec_text,1,1.0,True,True
Q015,,text,17,layout,True,False,q_text,1,1.0,True,True
Q015,,text,17,layout,True,False,spec_text,1,1.0,True,True
Q015,,text,17,layout,True,False,code_img,1,1.0,True,True
Q015,,text,17,layout,True,False,gen_img,1,1.0,True,True
Q015,,text,17,layout,True,False,qimg,1,1.0,True,True
Q015,,text,17,layout,True,False,fuse_code,1,1.0,True,True
Q015,,text,17,layout,True,False,fuse_gen,1,1.0,True,True
Q015,,text,17,layout,True,False,fuse_spec_text,1,1.0,True,True
Q016,P3,text,20,layout,True,False,q_text,1,1.0,True,True
Q016,P3,text,20,layout,True,False,spec_text,1,1.0,True,True
Q016,P3,text,20,layout,True,False,code_img,1,1.0,True,True
Q016,P3,text,20,layout,True,False,gen_img,1,1.0,True,True
Q016,P3,text,20,layout,True,False,qimg,1,1.0,True,True
Q016,P3,text,20,layout,True,False,fuse_code,1,1.0,True,True
Q016,P3,text,20,layout,True,False,fuse_gen,1,1.0,True,True
Q016,P3,text,20,layout,True,False,fuse_spec_text,1,1.0,True,True
Q017,,text,72,text,False,False,q_text,18,0.05555555555555555,False,False
Q017,,text,72,text,False,False,spec_text,2,0.5,False,True
Q017,,text,72,text,False,False,code_img,2,0.5,False,True
Q017,,text,72,text,False,False,gen_img,2,0.5,False,True
Q017,,text,72,text,False,False,qimg,25,0.04,False,False
Q017,,text,72,text,False,False,fuse_code,5,0.2,False,True
Q017,,text,72,text,False,False,fuse_gen,5,0.2,False,True
Q017,,text,72,text,False,False,fuse_spec_text,4,0.25,False,True
Q018,A25,figure,53,figure,True,False,q_text,1,1.0,True,True
Q018,A25,figure,53,figure,True,False,spec_text,1,1.0,True,True
Q018,A25,figure,53,figure,True,False,code_img,1,1.0,True,True
Q018,A25,figure,53,figure,True,False,gen_img,3,0.3333333333333333,False,True
Q018,A25,figure,53,figure,True,False,qimg,1,1.0,True,True
Q018,A25,figure,53,figure,True,False,fuse_code,1,1.0,True,True
Q018,A25,figure,53,figure,True,False,fuse_gen,1,1.0,True,True
Q018,A25,figure,53,figure,True,False,fuse_spec_text,1,1.0,True,True
Q019,,table,20,table,True,False,q_text,1,1.0,True,True
Q019,,table,20,table,True,False,spec_text,1,1.0,True,True
Q019,,table,20,table,True,False,code_img,1,1.0,True,True
Q019,,table,20,table,True,False,gen_img,1,1.0,True,True
Q019,,table,20,table,True,False,qimg,1,1.0,True,True
Q019,,table,20,table,True,False,fuse_code,1,1.0,True,True
Q019,,table,20,table,True,False,fuse_gen,1,1.0,True,True
Q019,,table,20,table,True,False,fuse_spec_text,1,1.0,True,True
Q020,A14,chart,23,chart,True,True,q_text,1,1.0,True,True
Q020,A14,chart,23,chart,True,True,spec_text,1,1.0,True,True
Q020,A14,chart,23,chart,True,True,spec_text_h,1,1.0,True,True
Q020,A14,chart,23,chart,True,True,code_img,1,1.0,True,True
Q020,A14,chart,23,chart,True,True,gen_img,1,1.0,True,True
Q020,A14,chart,23,chart,True,True,qimg,1,1.0,True,True
Q020,A14,chart,23,chart,True,True,code_img_h,1,1.0,True,True
Q020,A14,chart,23,chart,True,True,gen_img_h,1,1.0,True,True
Q020,A14,chart,23,chart,True,True,oracle,1,1.0,True,True
Q020,A14,chart,23,chart,True,True,fuse_code,1,1.0,True,True
Q020,A14,chart,23,chart,True,True,fuse_gen,1,1.0,True,True
Q020,A14,chart,23,chart,True,True,fuse_spec_text,1,1.0,True,True
Q020,A14,chart,23,chart,True,True,fuse_code_h,1,1.0,True,True
Q020,A14,chart,23,chart,True,True,fuse_gen_h,1,1.0,True,True
Q021,,table,72,table,True,False,q_text,1,1.0,True,True
Q021,,table,72,table,True,False,spec_text,1,1.0,True,True
Q021,,table,72,table,True,False,code_img,1,1.0,True,True
Q021,,table,72,table,True,False,gen_img,2,0.5,False,True
Q021,,table,72,table,True,False,qimg,2,0.5,False,True
Q021,,table,72,table,True,False,fuse_code,1,1.0,True,True
Q021,,table,72,table,True,False,fuse_gen,1,1.0,True,True
Q021,,table,72,table,True,False,fuse_spec_text,1,1.0,True,True
Q022,,chart,30,chart,True,False,q_text,1,1.0,True,True
Q022,,chart,30,chart,True,False,spec_text,1,1.0,True,True
Q022,,chart,30,chart,True,False,code_img,1,1.0,True,True
Q022,,chart,30,chart,True,False,gen_img,1,1.0,True,True
Q022,,chart,30,chart,True,False,qimg,1,1.0,True,True
Q022,,chart,30,chart,True,False,fuse_code,1,1.0,True,True
Q022,,chart,30,chart,True,False,fuse_gen,1,1.0,True,True
Q022,,chart,30,chart,True,False,fuse_spec_text,1,1.0,True,True
Q023,A21,chart,23,chart,True,False,q_text,1,1.0,True,True
Q023,A21,chart,23,chart,True,False,spec_text,1,1.0,True,True
Q023,A21,chart,23,chart,True,False,code_img,1,1.0,True,True
Q023,A21,chart,23,chart,True,False,gen_img,1,1.0,True,True
Q023,A21,chart,23,chart,True,False,qimg,1,1.0,True,True
Q023,A21,chart,23,chart,True,False,fuse_code,1,1.0,True,True
Q023,A21,chart,23,chart,True,False,fuse_gen,1,1.0,True,True
Q023,A21,chart,23,chart,True,False,fuse_spec_text,1,1.0,True,True
Q024,,chart,34,chart,True,False,q_text,1,1.0,True,True
Q024,,chart,34,chart,True,False,spec_text,1,1.0,True,True
Q024,,chart,34,chart,True,False,code_img,1,1.0,True,True
Q024,,chart,34,chart,True,False,gen_img,1,1.0,True,True
Q024,,chart,34,chart,True,False,qimg,1,1.0,True,True
Q024,,chart,34,chart,True,False,fuse_code,1,1.0,True,True
Q024,,chart,34,chart,True,False,fuse_gen,1,1.0,True,True
Q024,,chart,34,chart,True,False,fuse_spec_text,1,1.0,True,True
Q025,,table,72,table,True,False,q_text,1,1.0,True,True
Q025,,table,72,table,True,False,spec_text,1,1.0,True,True
Q025,,table,72,table,True,False,code_img,1,1.0,True,True
Q025,,table,72,table,True,False,gen_img,1,1.0,True,True
Q025,,table,72,table,True,False,qimg,1,1.0,True,True
Q025,,table,72,table,True,False,fuse_code,1,1.0,True,True
Q025,,table,72,table,True,False,fuse_gen,1,1.0,True,True
Q025,,table,72,table,True,False,fuse_spec_text,1,1.0,True,True
Q026,A17,chart,17,chart,True,True,q_text,1,1.0,True,True
Q026,A17,chart,17,chart,True,True,spec_text,1,1.0,True,True
Q026,A17,chart,17,chart,True,True,spec_text_h,1,1.0,True,True
Q026,A17,chart,17,chart,True,True,code_img,1,1.0,True,True
Q026,A17,chart,17,chart,True,True,gen_img,1,1.0,True,True
Q026,A17,chart,17,chart,True,True,qimg,1,1.0,True,True
Q026,A17,chart,17,chart,True,True,code_img_h,1,1.0,True,True
Q026,A17,chart,17,chart,True,True,gen_img_h,1,1.0,True,True
Q026,A17,chart,17,chart,True,True,oracle,1,1.0,True,True
Q026,A17,chart,17,chart,True,True,fuse_code,1,1.0,True,True
Q026,A17,chart,17,chart,True,True,fuse_gen,1,1.0,True,True
Q026,A17,chart,17,chart,True,True,fuse_spec_text,1,1.0,True,True
Q026,A17,chart,17,chart,True,True,fuse_code_h,1,1.0,True,True
Q026,A17,chart,17,chart,True,True,fuse_gen_h,1,1.0,True,True
Q027,,table,20,layout,True,False,q_text,2,0.5,False,True
Q027,,table,20,layout,True,False,spec_text,3,0.3333333333333333,False,True
Q027,,table,20,layout,True,False,code_img,2,0.5,False,True
Q027,,table,20,layout,True,False,gen_img,7,0.14285714285714285,False,False
Q027,,table,20,layout,True,False,qimg,3,0.3333333333333333,False,True
Q027,,table,20,layout,True,False,fuse_code,2,0.5,False,True
Q027,,table,20,layout,True,False,fuse_gen,3,0.3333333333333333,False,True
Q027,,table,20,layout,True,False,fuse_spec_text,2,0.5,False,True
Q028,A33,text,20,layout,True,False,q_text,1,1.0,True,True
Q028,A33,text,20,layout,True,False,spec_text,2,0.5,False,True
Q028,A33,text,20,layout,True,False,code_img,1,1.0,True,True
Q028,A33,text,20,layout,True,False,gen_img,2,0.5,False,True
Q028,A33,text,20,layout,True,False,qimg,1,1.0,True,True
Q028,A33,text,20,layout,True,False,fuse_code,1,1.0,True,True
Q028,A33,text,20,layout,True,False,fuse_gen,1,1.0,True,True
Q028,A33,text,20,layout,True,False,fuse_spec_text,1,1.0,True,True
Q029,,chart,53,chart,True,False,q_text,1,1.0,True,True
Q029,,chart,53,chart,True,False,spec_text,1,1.0,True,True
Q029,,chart,53,chart,True,False,code_img,1,1.0,True,True
Q029,,chart,53,chart,True,False,gen_img,1,1.0,True,True
Q029,,chart,53,chart,True,False,qimg,1,1.0,True,True
Q029,,chart,53,chart,True,False,fuse_code,1,1.0,True,True
Q029,,chart,53,chart,True,False,fuse_gen,1,1.0,True,True
Q029,,chart,53,chart,True,False,fuse_spec_text,1,1.0,True,True
Q030,A09,figure,36,chart,True,True,q_text,1,1.0,True,True
Q030,A09,figure,36,chart,True,True,spec_text,7,0.14285714285714285,False,False
Q030,A09,figure,36,chart,True,True,spec_text_h,9,0.1111111111111111,False,False
Q030,A09,figure,36,chart,True,True,code_img,9,0.1111111111111111,False,False
Q030,A09,figure,36,chart,True,True,gen_img,6,0.16666666666666666,False,False
Q030,A09,figure,36,chart,True,True,qimg,1,1.0,True,True
Q030,A09,figure,36,chart,True,True,code_img_h,9,0.1111111111111111,False,False
Q030,A09,figure,36,chart,True,True,gen_img_h,10,0.1,False,False
Q030,A09,figure,36,chart,True,True,oracle,1,1.0,True,True
Q030,A09,figure,36,chart,True,True,fuse_code,4,0.25,False,True
Q030,A09,figure,36,chart,True,True,fuse_gen,3,0.3333333333333333,False,True
Q030,A09,figure,36,chart,True,True,fuse_spec_text,4,0.25,False,True
Q030,A09,figure,36,chart,True,True,fuse_code_h,2,0.5,False,True
Q030,A09,figure,36,chart,True,True,fuse_gen_h,2,0.5,False,True
Q031,A15,text,20,text,False,True,q_text,1,1.0,True,True
Q031,A15,text,20,text,False,True,spec_text,1,1.0,True,True
Q031,A15,text,20,text,False,True,spec_text_h,2,0.5,False,True
Q031,A15,text,20,text,False,True,code_img,1,1.0,True,True
Q031,A15,text,20,text,False,True,gen_img,1,1.0,True,True
Q031,A15,text,20,text,False,True,qimg,1,1.0,True,True
Q031,A15,text,20,text,False,True,code_img_h,2,0.5,False,True
Q031,A15,text,20,text,False,True,gen_img_h,3,0.3333333333333333,False,True
Q031,A15,text,20,text,False,True,oracle,1,1.0,True,True
Q031,A15,text,20,text,False,True,fuse_code,1,1.0,True,True
Q031,A15,text,20,text,False,True,fuse_gen,1,1.0,True,True
Q031,A15,text,20,text,False,True,fuse_spec_text,1,1.0,True,True
Q031,A15,text,20,text,False,True,fuse_code_h,1,1.0,True,True
Q031,A15,text,20,text,False,True,fuse_gen_h,1,1.0,True,True
Q032,,text,15,text,True,False,q_text,1,1.0,True,True
Q032,,text,15,text,True,False,spec_text,1,1.0,True,True
Q032,,text,15,text,True,False,code_img,1,1.0,True,True
Q032,,text,15,text,True,False,gen_img,1,1.0,True,True
Q032,,text,15,text,True,False,qimg,1,1.0,True,True
Q032,,text,15,text,True,False,fuse_code,1,1.0,True,True
Q032,,text,15,text,True,False,fuse_gen,1,1.0,True,True
Q032,,text,15,text,True,False,fuse_spec_text,1,1.0,True,True
Q033,A36,text,20,figure,True,False,q_text,1,1.0,True,True
Q033,A36,text,20,figure,True,False,spec_text,1,1.0,True,True
Q033,A36,text,20,figure,True,False,code_img,1,1.0,True,True
Q033,A36,text,20,figure,True,False,gen_img,1,1.0,True,True
Q033,A36,text,20,figure,True,False,qimg,1,1.0,True,True
Q033,A36,text,20,figure,True,False,fuse_code,1,1.0,True,True
Q033,A36,text,20,figure,True,False,fuse_gen,1,1.0,True,True
Q033,A36,text,20,figure,True,False,fuse_spec_text,1,1.0,True,True
Q034,,table,75,table,True,False,q_text,2,0.5,False,True
Q034,,table,75,table,True,False,spec_text,1,1.0,True,True
Q034,,table,75,table,True,False,code_img,1,1.0,True,True
Q034,,table,75,table,True,False,gen_img,1,1.0,True,True
Q034,,table,75,table,True,False,qimg,1,1.0,True,True
Q034,,table,75,table,True,False,fuse_code,1,1.0,True,True
Q034,,table,75,table,True,False,fuse_gen,1,1.0,True,True
Q034,,table,75,table,True,False,fuse_spec_text,1,1.0,True,True
Q035,A31,figure,78,table,True,False,q_text,1,1.0,True,True
Q035,A31,figure,78,table,True,False,spec_text,1,1.0,True,True
Q035,A31,figure,78,table,True,False,code_img,1,1.0,True,True
Q035,A31,figure,78,table,True,False,gen_img,1,1.0,True,True
Q035,A31,figure,78,table,True,False,qimg,1,1.0,True,True
Q035,A31,figure,78,table,True,False,fuse_code,1,1.0,True,True
Q035,A31,figure,78,table,True,False,fuse_gen,1,1.0,True,True
Q035,A31,figure,78,table,True,False,fuse_spec_text,1,1.0,True,True
Q036,,text,20,text,False,False,q_text,1,1.0,True,True
Q036,,text,20,text,False,False,spec_text,1,1.0,True,True
Q036,,text,20,text,False,False,code_img,2,0.5,False,True
Q036,,text,20,text,False,False,gen_img,1,1.0,True,True
Q036,,text,20,text,False,False,qimg,1,1.0,True,True
Q036,,text,20,text,False,False,fuse_code,1,1.0,True,True
Q036,,text,20,text,False,False,fuse_gen,1,1.0,True,True
Q036,,text,20,text,False,False,fuse_spec_text,1,1.0,True,True
Q037,A23,table,20,table,True,False,q_text,1,1.0,True,True
Q037,A23,table,20,table,True,False,spec_text,1,1.0,True,True
Q037,A23,table,20,table,True,False,code_img,1,1.0,True,True
Q037,A23,table,20,table,True,False,gen_img,1,1.0,True,True
Q037,A23,table,20,table,True,False,qimg,1,1.0,True,True
Q037,A23,table,20,table,True,False,fuse_code,1,1.0,True,True
Q037,A23,table,20,table,True,False,fuse_gen,1,1.0,True,True
Q037,A23,table,20,table,True,False,fuse_spec_text,1,1.0,True,True
Q038,,figure,44,chart,True,False,q_text,1,1.0,True,True
Q038,,figure,44,chart,True,False,spec_text,1,1.0,True,True
Q038,,figure,44,chart,True,False,code_img,1,1.0,True,True
Q038,,figure,44,chart,True,False,gen_img,1,1.0,True,True
Q038,,figure,44,chart,True,False,qimg,1,1.0,True,True
Q038,,figure,44,chart,True,False,fuse_code,1,1.0,True,True
Q038,,figure,44,chart,True,False,fuse_gen,1,1.0,True,True
Q038,,figure,44,chart,True,False,fuse_spec_text,1,1.0,True,True
Q039,A40,table,15,table,True,False,q_text,10,0.1,False,False
Q039,A40,table,15,table,True,False,spec_text,2,0.5,False,True
Q039,A40,table,15,table,True,False,code_img,3,0.3333333333333333,False,True
Q039,A40,table,15,table,True,False,gen_img,1,1.0,True,True
Q039,A40,table,15,table,True,False,qimg,5,0.2,False,True
Q039,A40,table,15,table,True,False,fuse_code,4,0.25,False,True
Q039,A40,table,15,table,True,False,fuse_gen,4,0.25,False,True
Q039,A40,table,15,table,True,False,fuse_spec_text,3,0.3333333333333333,False,True
Q040,,figure,15,figure,True,False,q_text,1,1.0,True,True
Q040,,figure,15,figure,True,False,spec_text,1,1.0,True,True
Q040,,figure,15,figure,True,False,code_img,1,1.0,True,True
Q040,,figure,15,figure,True,False,gen_img,1,1.0,True,True
Q040,,figure,15,figure,True,False,qimg,1,1.0,True,True
Q040,,figure,15,figure,True,False,fuse_code,1,1.0,True,True
Q040,,figure,15,figure,True,False,fuse_gen,1,1.0,True,True
Q040,,figure,15,figure,True,False,fuse_spec_text,1,1.0,True,True
Q041,,text,17,layout,True,False,q_text,1,1.0,True,True
Q041,,text,17,layout,True,False,spec_text,1,1.0,True,True
Q041,,text,17,layout,True,False,code_img,1,1.0,True,True
Q041,,text,17,layout,True,False,gen_img,5,0.2,False,True
Q041,,text,17,layout,True,False,qimg,1,1.0,True,True
Q041,,text,17,layout,True,False,fuse_code,1,1.0,True,True
Q041,,text,17,layout,True,False,fuse_gen,1,1.0,True,True
Q041,,text,17,layout,True,False,fuse_spec_text,1,1.0,True,True
Q042,,text,15,text,False,False,q_text,1,1.0,True,True
Q042,,text,15,text,False,False,spec_text,13,0.07692307692307693,False,False
Q042,,text,15,text,False,False,code_img,1,1.0,True,True
Q042,,text,15,text,False,False,gen_img,1,1.0,True,True
Q042,,text,15,text,False,False,qimg,1,1.0,True,True
Q042,,text,15,text,False,False,fuse_code,1,1.0,True,True
Q042,,text,15,text,False,False,fuse_gen,1,1.0,True,True
Q042,,text,15,text,False,False,fuse_spec_text,3,0.3333333333333333,False,True
Q043,,chart,34,chart,True,False,q_text,1,1.0,True,True
Q043,,chart,34,chart,True,False,spec_text,1,1.0,True,True
Q043,,chart,34,chart,True,False,code_img,1,1.0,True,True
Q043,,chart,34,chart,True,False,gen_img,1,1.0,True,True
Q043,,chart,34,chart,True,False,qimg,1,1.0,True,True
Q043,,chart,34,chart,True,False,fuse_code,1,1.0,True,True
Q043,,chart,34,chart,True,False,fuse_gen,1,1.0,True,True
Q043,,chart,34,chart,True,False,fuse_spec_text,1,1.0,True,True
Q044,A28,text,20,text,False,True,q_text,1,1.0,True,True
Q044,A28,text,20,text,False,True,spec_text,1,1.0,True,True
Q044,A28,text,20,text,False,True,spec_text_h,1,1.0,True,True
Q044,A28,text,20,text,False,True,code_img,1,1.0,True,True
Q044,A28,text,20,text,False,True,gen_img,1,1.0,True,True
Q044,A28,text,20,text,False,True,qimg,1,1.0,True,True
Q044,A28,text,20,text,False,True,code_img_h,1,1.0,True,True
Q044,A28,text,20,text,False,True,gen_img_h,1,1.0,True,True
Q044,A28,text,20,text,False,True,oracle,1,1.0,True,True
Q044,A28,text,20,text,False,True,fuse_code,1,1.0,True,True
Q044,A28,text,20,text,False,True,fuse_gen,1,1.0,True,True
Q044,A28,text,20,text,False,True,fuse_spec_text,1,1.0,True,True
Q044,A28,text,20,text,False,True,fuse_code_h,1,1.0,True,True
Q044,A28,text,20,text,False,True,fuse_gen_h,1,1.0,True,True
Q045,,table,23,table,True,False,q_text,1,1.0,True,True
Q045,,table,23,table,True,False,spec_text,1,1.0,True,True
Q045,,table,23,table,True,False,code_img,1,1.0,True,True
Q045,,table,23,table,True,False,gen_img,1,1.0,True,True
Q045,,table,23,table,True,False,qimg,1,1.0,True,True
Q045,,table,23,table,True,False,fuse_code,1,1.0,True,True
Q045,,table,23,table,True,False,fuse_gen,1,1.0,True,True
Q045,,table,23,table,True,False,fuse_spec_text,1,1.0,True,True
Q046,A07,chart,15,chart,True,True,q_text,1,1.0,True,True
Q046,A07,chart,15,chart,True,True,spec_text,1,1.0,True,True
Q046,A07,chart,15,chart,True,True,spec_text_h,1,1.0,True,True
Q046,A07,chart,15,chart,True,True,code_img,1,1.0,True,True
Q046,A07,chart,15,chart,True,True,gen_img,1,1.0,True,True
Q046,A07,chart,15,chart,True,True,qimg,1,1.0,True,True
Q046,A07,chart,15,chart,True,True,code_img_h,1,1.0,True,True
Q046,A07,chart,15,chart,True,True,gen_img_h,1,1.0,True,True
Q046,A07,chart,15,chart,True,True,oracle,1,1.0,True,True
Q046,A07,chart,15,chart,True,True,fuse_code,1,1.0,True,True
Q046,A07,chart,15,chart,True,True,fuse_gen,1,1.0,True,True
Q046,A07,chart,15,chart,True,True,fuse_spec_text,1,1.0,True,True
Q046,A07,chart,15,chart,True,True,fuse_code_h,1,1.0,True,True
Q046,A07,chart,15,chart,True,True,fuse_gen_h,1,1.0,True,True
Q047,A08,text,17,table,True,True,q_text,1,1.0,True,True
Q047,A08,text,17,table,True,True,spec_text,7,0.14285714285714285,False,False
Q047,A08,text,17,table,True,True,spec_text_h,1,1.0,True,True
Q047,A08,text,17,table,True,True,code_img,2,0.5,False,True
Q047,A08,text,17,table,True,True,gen_img,2,0.5,False,True
Q047,A08,text,17,table,True,True,qimg,1,1.0,True,True
Q047,A08,text,17,table,True,True,code_img_h,3,0.3333333333333333,False,True
Q047,A08,text,17,table,True,True,gen_img_h,5,0.2,False,True
Q047,A08,text,17,table,True,True,oracle,1,1.0,True,True
Q047,A08,text,17,table,True,True,fuse_code,2,0.5,False,True
Q047,A08,text,17,table,True,True,fuse_gen,2,0.5,False,True
Q047,A08,text,17,table,True,True,fuse_spec_text,1,1.0,True,True
Q047,A08,text,17,table,True,True,fuse_code_h,2,0.5,False,True
Q047,A08,text,17,table,True,True,fuse_gen_h,2,0.5,False,True
Q048,,figure,23,text,True,False,q_text,1,1.0,True,True
Q048,,figure,23,text,True,False,spec_text,1,1.0,True,True
Q048,,figure,23,text,True,False,code_img,1,1.0,True,True
Q048,,figure,23,text,True,False,gen_img,5,0.2,False,True
Q048,,figure,23,text,True,False,qimg,1,1.0,True,True
Q048,,figure,23,text,True,False,fuse_code,1,1.0,True,True
Q048,,figure,23,text,True,False,fuse_gen,1,1.0,True,True
Q048,,figure,23,text,True,False,fuse_spec_text,1,1.0,True,True
Q049,,figure,15,figure,True,False,q_text,1,1.0,True,True
Q049,,figure,15,figure,True,False,spec_text,1,1.0,True,True
Q049,,figure,15,figure,True,False,code_img,1,1.0,True,True
Q049,,figure,15,figure,True,False,gen_img,1,1.0,True,True
Q049,,figure,15,figure,True,False,qimg,1,1.0,True,True
Q049,,figure,15,figure,True,False,fuse_code,1,1.0,True,True
Q049,,figure,15,figure,True,False,fuse_gen,1,1.0,True,True
Q049,,figure,15,figure,True,False,fuse_spec_text,1,1.0,True,True
Q050,,text,75,text,False,False,q_text,2,0.5,False,True
Q050,,text,75,text,False,False,spec_text,1,1.0,True,True
Q050,,text,75,text,False,False,code_img,1,1.0,True,True
Q050,,text,75,text,False,False,gen_img,3,0.3333333333333333,False,True
Q050,,text,75,text,False,False,qimg,8,0.125,False,False
Q050,,text,75,text,False,False,fuse_code,1,1.0,True,True
Q050,,text,75,text,False,False,fuse_gen,2,0.5,False,True
Q050,,text,75,text,False,False,fuse_spec_text,1,1.0,True,True
Q051,A38,chart,24,chart,True,False,q_text,1,1.0,True,True
Q051,A38,chart,24,chart,True,False,spec_text,1,1.0,True,True
Q051,A38,chart,24,chart,True,False,code_img,1,1.0,True,True
Q051,A38,chart,24,chart,True,False,gen_img,1,1.0,True,True
Q051,A38,chart,24,chart,True,False,qimg,1,1.0,True,True
Q051,A38,chart,24,chart,True,False,fuse_code,1,1.0,True,True
Q051,A38,chart,24,chart,True,False,fuse_gen,1,1.0,True,True
Q051,A38,chart,24,chart,True,False,fuse_spec_text,1,1.0,True,True
Q052,A20,figure,20,layout,True,False,q_text,13,0.07692307692307693,False,False
Q052,A20,figure,20,layout,True,False,spec_text,17,0.058823529411764705,False,False
Q052,A20,figure,20,layout,True,False,code_img,18,0.05555555555555555,False,False
Q052,A20,figure,20,layout,True,False,gen_img,10,0.1,False,False
Q052,A20,figure,20,layout,True,False,qimg,9,0.1111111111111111,False,False
Q052,A20,figure,20,layout,True,False,fuse_code,17,0.058823529411764705,False,False
Q052,A20,figure,20,layout,True,False,fuse_gen,8,0.125,False,False
Q052,A20,figure,20,layout,True,False,fuse_spec_text,17,0.058823529411764705,False,False
Q053,,table,75,table,True,False,q_text,1,1.0,True,True
Q053,,table,75,table,True,False,spec_text,3,0.3333333333333333,False,True
Q053,,table,75,table,True,False,code_img,6,0.16666666666666666,False,False
Q053,,table,75,table,True,False,gen_img,7,0.14285714285714285,False,False
Q053,,table,75,table,True,False,qimg,1,1.0,True,True
Q053,,table,75,table,True,False,fuse_code,2,0.5,False,True
Q053,,table,75,table,True,False,fuse_gen,2,0.5,False,True
Q053,,table,75,table,True,False,fuse_spec_text,2,0.5,False,True
Q054,A16,table,23,table,True,True,q_text,1,1.0,True,True
Q054,A16,table,23,table,True,True,spec_text,1,1.0,True,True
Q054,A16,table,23,table,True,True,spec_text_h,1,1.0,True,True
Q054,A16,table,23,table,True,True,code_img,1,1.0,True,True
Q054,A16,table,23,table,True,True,gen_img,1,1.0,True,True
Q054,A16,table,23,table,True,True,qimg,1,1.0,True,True
Q054,A16,table,23,table,True,True,code_img_h,1,1.0,True,True
Q054,A16,table,23,table,True,True,gen_img_h,1,1.0,True,True
Q054,A16,table,23,table,True,True,oracle,1,1.0,True,True
Q054,A16,table,23,table,True,True,fuse_code,1,1.0,True,True
Q054,A16,table,23,table,True,True,fuse_gen,1,1.0,True,True
Q054,A16,table,23,table,True,True,fuse_spec_text,1,1.0,True,True
Q054,A16,table,23,table,True,True,fuse_code_h,1,1.0,True,True
Q054,A16,table,23,table,True,True,fuse_gen_h,1,1.0,True,True
Q055,,table,75,table,True,False,q_text,59,0.01694915254237288,False,False
Q055,,table,75,table,True,False,spec_text,1,1.0,True,True
Q055,,table,75,table,True,False,code_img,1,1.0,True,True
Q055,,table,75,table,True,False,gen_img,1,1.0,True,True
Q055,,table,75,table,True,False,qimg,64,0.015625,False,False
Q055,,table,75,table,True,False,fuse_code,2,0.5,False,True
Q055,,table,75,table,True,False,fuse_gen,2,0.5,False,True
Q055,,table,75,table,True,False,fuse_spec_text,7,0.14285714285714285,False,False
Q056,,layout,44,table,True,False,q_text,1,1.0,True,True
Q056,,layout,44,table,True,False,spec_text,1,1.0,True,True
Q056,,layout,44,table,True,False,code_img,1,1.0,True,True
Q056,,layout,44,table,True,False,gen_img,1,1.0,True,True
Q056,,layout,44,table,True,False,qimg,1,1.0,True,True
Q056,,layout,44,table,True,False,fuse_code,1,1.0,True,True
Q056,,layout,44,table,True,False,fuse_gen,1,1.0,True,True
Q056,,layout,44,table,True,False,fuse_spec_text,1,1.0,True,True
Q057,,chart,32,chart,True,False,q_text,1,1.0,True,True
Q057,,chart,32,chart,True,False,spec_text,1,1.0,True,True
Q057,,chart,32,chart,True,False,code_img,1,1.0,True,True
Q057,,chart,32,chart,True,False,gen_img,1,1.0,True,True
Q057,,chart,32,chart,True,False,qimg,1,1.0,True,True
Q057,,chart,32,chart,True,False,fuse_code,1,1.0,True,True
Q057,,chart,32,chart,True,False,fuse_gen,1,1.0,True,True
Q057,,chart,32,chart,True,False,fuse_spec_text,1,1.0,True,True
Q058,,figure,23,figure,True,False,q_text,1,1.0,True,True
Q058,,figure,23,figure,True,False,spec_text,1,1.0,True,True
Q058,,figure,23,figure,True,False,code_img,1,1.0,True,True
Q058,,figure,23,figure,True,False,gen_img,1,1.0,True,True
Q058,,figure,23,figure,True,False,qimg,1,1.0,True,True
Q058,,figure,23,figure,True,False,fuse_code,1,1.0,True,True
Q058,,figure,23,figure,True,False,fuse_gen,1,1.0,True,True
Q058,,figure,23,figure,True,False,fuse_spec_text,1,1.0,True,True
Q059,,text,20,text,False,False,q_text,1,1.0,True,True
Q059,,text,20,text,False,False,spec_text,1,1.0,True,True
Q059,,text,20,text,False,False,code_img,1,1.0,True,True
Q059,,text,20,text,False,False,gen_img,1,1.0,True,True
Q059,,text,20,text,False,False,qimg,1,1.0,True,True
Q059,,text,20,text,False,False,fuse_code,1,1.0,True,True
Q059,,text,20,text,False,False,fuse_gen,1,1.0,True,True
Q059,,text,20,text,False,False,fuse_spec_text,1,1.0,True,True
Q060,,text,15,layout,True,False,q_text,1,1.0,True,True
Q060,,text,15,layout,True,False,spec_text,1,1.0,True,True
Q060,,text,15,layout,True,False,code_img,1,1.0,True,True
Q060,,text,15,layout,True,False,gen_img,1,1.0,True,True
Q060,,text,15,layout,True,False,qimg,1,1.0,True,True
Q060,,text,15,layout,True,False,fuse_code,1,1.0,True,True
Q060,,text,15,layout,True,False,fuse_gen,1,1.0,True,True
Q060,,text,15,layout,True,False,fuse_spec_text,1,1.0,True,True
Q061,,chart,32,chart,True,False,q_text,1,1.0,True,True
Q061,,chart,32,chart,True,False,spec_text,1,1.0,True,True
Q061,,chart,32,chart,True,False,code_img,1,1.0,True,True
Q061,,chart,32,chart,True,False,gen_img,1,1.0,True,True
Q061,,chart,32,chart,True,False,qimg,1,1.0,True,True
Q061,,chart,32,chart,True,False,fuse_code,1,1.0,True,True
Q061,,chart,32,chart,True,False,fuse_gen,1,1.0,True,True
Q061,,chart,32,chart,True,False,fuse_spec_text,1,1.0,True,True
Q062,,chart,23,chart,True,False,q_text,5,0.2,False,True
Q062,,chart,23,chart,True,False,spec_text,1,1.0,True,True
Q062,,chart,23,chart,True,False,code_img,1,1.0,True,True
Q062,,chart,23,chart,True,False,gen_img,1,1.0,True,True
Q062,,chart,23,chart,True,False,qimg,9,0.1111111111111111,False,False
Q062,,chart,23,chart,True,False,fuse_code,2,0.5,False,True
Q062,,chart,23,chart,True,False,fuse_gen,1,1.0,True,True
Q062,,chart,23,chart,True,False,fuse_spec_text,1,1.0,True,True
Q063,A12,table,72,table,True,True,q_text,3,0.3333333333333333,False,True
Q063,A12,table,72,table,True,True,spec_text,1,1.0,True,True
Q063,A12,table,72,table,True,True,spec_text_h,8,0.125,False,False
Q063,A12,table,72,table,True,True,code_img,1,1.0,True,True
Q063,A12,table,72,table,True,True,gen_img,1,1.0,True,True
Q063,A12,table,72,table,True,True,qimg,4,0.25,False,True
Q063,A12,table,72,table,True,True,code_img_h,5,0.2,False,True
Q063,A12,table,72,table,True,True,gen_img_h,2,0.5,False,True
Q063,A12,table,72,table,True,True,oracle,1,1.0,True,True
Q063,A12,table,72,table,True,True,fuse_code,1,1.0,True,True
Q063,A12,table,72,table,True,True,fuse_gen,1,1.0,True,True
Q063,A12,table,72,table,True,True,fuse_spec_text,1,1.0,True,True
Q063,A12,table,72,table,True,True,fuse_code_h,3,0.3333333333333333,False,True
Q063,A12,table,72,table,True,True,fuse_gen_h,2,0.5,False,True
Q064,,table,36,table,True,False,q_text,1,1.0,True,True
Q064,,table,36,table,True,False,spec_text,1,1.0,True,True
Q064,,table,36,table,True,False,code_img,1,1.0,True,True
Q064,,table,36,table,True,False,gen_img,1,1.0,True,True
Q064,,table,36,table,True,False,qimg,1,1.0,True,True
Q064,,table,36,table,True,False,fuse_code,1,1.0,True,True
Q064,,table,36,table,True,False,fuse_gen,1,1.0,True,True
Q064,,table,36,table,True,False,fuse_spec_text,1,1.0,True,True
Q065,,table,44,table,True,False,q_text,1,1.0,True,True
Q065,,table,44,table,True,False,spec_text,1,1.0,True,True
Q065,,table,44,table,True,False,code_img,1,1.0,True,True
Q065,,table,44,table,True,False,gen_img,1,1.0,True,True
Q065,,table,44,table,True,False,qimg,1,1.0,True,True
Q065,,table,44,table,True,False,fuse_code,1,1.0,True,True
Q065,,table,44,table,True,False,fuse_gen,1,1.0,True,True
Q065,,table,44,table,True,False,fuse_spec_text,1,1.0,True,True
Q066,,text,17,text,False,False,q_text,1,1.0,True,True
Q066,,text,17,text,False,False,spec_text,1,1.0,True,True
Q066,,text,17,text,False,False,code_img,1,1.0,True,True
Q066,,text,17,text,False,False,gen_img,1,1.0,True,True
Q066,,text,17,text,False,False,qimg,1,1.0,True,True
Q066,,text,17,text,False,False,fuse_code,1,1.0,True,True
Q066,,text,17,text,False,False,fuse_gen,1,1.0,True,True
Q066,,text,17,text,False,False,fuse_spec_text,1,1.0,True,True
Q067,,table,75,table,True,False,q_text,38,0.02631578947368421,False,False
Q067,,table,75,table,True,False,spec_text,5,0.2,False,True
Q067,,table,75,table,True,False,code_img,2,0.5,False,True
Q067,,table,75,table,True,False,gen_img,3,0.3333333333333333,False,True
Q067,,table,75,table,True,False,qimg,37,0.02702702702702703,False,False
Q067,,table,75,table,True,False,fuse_code,3,0.3333333333333333,False,True
Q067,,table,75,table,True,False,fuse_gen,6,0.16666666666666666,False,False
Q067,,table,75,table,True,False,fuse_spec_text,9,0.1111111111111111,False,False
Q068,,figure,36,chart,True,False,q_text,1,1.0,True,True
Q068,,figure,36,chart,True,False,spec_text,1,1.0,True,True
Q068,,figure,36,chart,True,False,code_img,1,1.0,True,True
Q068,,figure,36,chart,True,False,gen_img,1,1.0,True,True
Q068,,figure,36,chart,True,False,qimg,1,1.0,True,True
Q068,,figure,36,chart,True,False,fuse_code,1,1.0,True,True
Q068,,figure,36,chart,True,False,fuse_gen,1,1.0,True,True
Q068,,figure,36,chart,True,False,fuse_spec_text,1,1.0,True,True
Q069,,text,20,text,False,False,q_text,1,1.0,True,True
Q069,,text,20,text,False,False,spec_text,1,1.0,True,True
Q069,,text,20,text,False,False,code_img,1,1.0,True,True
Q069,,text,20,text,False,False,gen_img,10,0.1,False,False
Q069,,text,20,text,False,False,qimg,1,1.0,True,True
Q069,,text,20,text,False,False,fuse_code,1,1.0,True,True
Q069,,text,20,text,False,False,fuse_gen,2,0.5,False,True
Q069,,text,20,text,False,False,fuse_spec_text,1,1.0,True,True
Q070,,text,44,table,True,False,q_text,1,1.0,True,True
Q070,,text,44,table,True,False,spec_text,1,1.0,True,True
Q070,,text,44,table,True,False,code_img,2,0.5,False,True
Q070,,text,44,table,True,False,gen_img,1,1.0,True,True
Q070,,text,44,table,True,False,qimg,1,1.0,True,True
Q070,,text,44,table,True,False,fuse_code,1,1.0,True,True
Q070,,text,44,table,True,False,fuse_gen,1,1.0,True,True
Q070,,text,44,table,True,False,fuse_spec_text,1,1.0,True,True
Q071,,text,75,text,False,False,q_text,1,1.0,True,True
Q071,,text,75,text,False,False,spec_text,1,1.0,True,True
Q071,,text,75,text,False,False,code_img,1,1.0,True,True
Q071,,text,75,text,False,False,gen_img,1,1.0,True,True
Q071,,text,75,text,False,False,qimg,1,1.0,True,True
Q071,,text,75,text,False,False,fuse_code,1,1.0,True,True
Q071,,text,75,text,False,False,fuse_gen,1,1.0,True,True
Q071,,text,75,text,False,False,fuse_spec_text,1,1.0,True,True
Q072,,figure,78,figure,True,False,q_text,2,0.5,False,True
Q072,,figure,78,figure,True,False,spec_text,1,1.0,True,True
Q072,,figure,78,figure,True,False,code_img,1,1.0,True,True
Q072,,figure,78,figure,True,False,gen_img,1,1.0,True,True
Q072,,figure,78,figure,True,False,qimg,2,0.5,False,True
Q072,,figure,78,figure,True,False,fuse_code,1,1.0,True,True
Q072,,figure,78,figure,True,False,fuse_gen,1,1.0,True,True
Q072,,figure,78,figure,True,False,fuse_spec_text,1,1.0,True,True
Q073,,layout,20,layout,True,False,q_text,7,0.14285714285714285,False,False
Q073,,layout,20,layout,True,False,spec_text,3,0.3333333333333333,False,True
Q073,,layout,20,layout,True,False,code_img,1,1.0,True,True
Q073,,layout,20,layout,True,False,gen_img,13,0.07692307692307693,False,False
Q073,,layout,20,layout,True,False,qimg,2,0.5,False,True
Q073,,layout,20,layout,True,False,fuse_code,1,1.0,True,True
Q073,,layout,20,layout,True,False,fuse_gen,6,0.16666666666666666,False,False
Q073,,layout,20,layout,True,False,fuse_spec_text,4,0.25,False,True
Q074,,table,75,table,True,False,q_text,15,0.06666666666666667,False,False
Q074,,table,75,table,True,False,spec_text,9,0.1111111111111111,False,False
Q074,,table,75,table,True,False,code_img,6,0.16666666666666666,False,False
Q074,,table,75,table,True,False,gen_img,8,0.125,False,False
Q074,,table,75,table,True,False,qimg,38,0.02631578947368421,False,False
Q074,,table,75,table,True,False,fuse_code,3,0.3333333333333333,False,True
Q074,,table,75,table,True,False,fuse_gen,6,0.16666666666666666,False,False
Q074,,table,75,table,True,False,fuse_spec_text,8,0.125,False,False
Q075,,figure,36,chart,True,False,q_text,1,1.0,True,True
Q075,,figure,36,chart,True,False,spec_text,1,1.0,True,True
Q075,,figure,36,chart,True,False,code_img,1,1.0,True,True
Q075,,figure,36,chart,True,False,gen_img,1,1.0,True,True
Q075,,figure,36,chart,True,False,qimg,2,0.5,False,True
Q075,,figure,36,chart,True,False,fuse_code,1,1.0,True,True
Q075,,figure,36,chart,True,False,fuse_gen,1,1.0,True,True
Q075,,figure,36,chart,True,False,fuse_spec_text,1,1.0,True,True
Q076,,layout,17,text,False,False,q_text,1,1.0,True,True
Q076,,layout,17,text,False,False,spec_text,1,1.0,True,True
Q076,,layout,17,text,False,False,code_img,1,1.0,True,True
Q076,,layout,17,text,False,False,gen_img,2,0.5,False,True
Q076,,layout,17,text,False,False,qimg,1,1.0,True,True
Q076,,layout,17,text,False,False,fuse_code,1,1.0,True,True
Q076,,layout,17,text,False,False,fuse_gen,1,1.0,True,True
Q076,,layout,17,text,False,False,fuse_spec_text,1,1.0,True,True
Q077,,chart,27,chart,True,False,q_text,2,0.5,False,True
Q077,,chart,27,chart,True,False,spec_text,2,0.5,False,True
Q077,,chart,27,chart,True,False,code_img,1,1.0,True,True
Q077,,chart,27,chart,True,False,gen_img,1,1.0,True,True
Q077,,chart,27,chart,True,False,qimg,2,0.5,False,True
Q077,,chart,27,chart,True,False,fuse_code,1,1.0,True,True
Q077,,chart,27,chart,True,False,fuse_gen,1,1.0,True,True
Q077,,chart,27,chart,True,False,fuse_spec_text,2,0.5,False,True
Q078,A04,table,27,table,True,True,q_text,1,1.0,True,True
Q078,A04,table,27,table,True,True,spec_text,2,0.5,False,True
Q078,A04,table,27,table,True,True,spec_text_h,23,0.043478260869565216,False,False
Q078,A04,table,27,table,True,True,code_img,2,0.5,False,True
Q078,A04,table,27,table,True,True,gen_img,1,1.0,True,True
Q078,A04,table,27,table,True,True,qimg,2,0.5,False,True
Q078,A04,table,27,table,True,True,code_img_h,17,0.058823529411764705,False,False
Q078,A04,table,27,table,True,True,gen_img_h,7,0.14285714285714285,False,False
Q078,A04,table,27,table,True,True,oracle,1,1.0,True,True
Q078,A04,table,27,table,True,True,fuse_code,2,0.5,False,True
Q078,A04,table,27,table,True,True,fuse_gen,1,1.0,True,True
Q078,A04,table,27,table,True,True,fuse_spec_text,2,0.5,False,True
Q078,A04,table,27,table,True,True,fuse_code_h,5,0.2,False,True
Q078,A04,table,27,table,True,True,fuse_gen_h,2,0.5,False,True
Q079,A22,chart,23,chart,True,False,q_text,1,1.0,True,True
Q079,A22,chart,23,chart,True,False,spec_text,1,1.0,True,True
Q079,A22,chart,23,chart,True,False,code_img,7,0.14285714285714285,False,False
Q079,A22,chart,23,chart,True,False,gen_img,1,1.0,True,True
Q079,A22,chart,23,chart,True,False,qimg,1,1.0,True,True
Q079,A22,chart,23,chart,True,False,fuse_code,1,1.0,True,True
Q079,A22,chart,23,chart,True,False,fuse_gen,1,1.0,True,True
Q079,A22,chart,23,chart,True,False,fuse_spec_text,1,1.0,True,True
Q080,,chart,24,figure,True,False,q_text,10,0.1,False,False
Q080,,chart,24,figure,True,False,spec_text,8,0.125,False,False
Q080,,chart,24,figure,True,False,code_img,5,0.2,False,True
Q080,,chart,24,figure,True,False,gen_img,5,0.2,False,True
Q080,,chart,24,figure,True,False,qimg,5,0.2,False,True
Q080,,chart,24,figure,True,False,fuse_code,6,0.16666666666666666,False,False
Q080,,chart,24,figure,True,False,fuse_gen,6,0.16666666666666666,False,False
Q080,,chart,24,figure,True,False,fuse_spec_text,9,0.1111111111111111,False,False
Q081,,figure,20,figure,True,False,q_text,1,1.0,True,True
Q081,,figure,20,figure,True,False,spec_text,1,1.0,True,True
Q081,,figure,20,figure,True,False,code_img,1,1.0,True,True
Q081,,figure,20,figure,True,False,gen_img,1,1.0,True,True
Q081,,figure,20,figure,True,False,qimg,1,1.0,True,True
Q081,,figure,20,figure,True,False,fuse_code,1,1.0,True,True
Q081,,figure,20,figure,True,False,fuse_gen,1,1.0,True,True
Q081,,figure,20,figure,True,False,fuse_spec_text,1,1.0,True,True
Q082,,figure,22,figure,True,False,q_text,1,1.0,True,True
Q082,,figure,22,figure,True,False,spec_text,1,1.0,True,True
Q082,,figure,22,figure,True,False,code_img,1,1.0,True,True
Q082,,figure,22,figure,True,False,gen_img,1,1.0,True,True
Q082,,figure,22,figure,True,False,qimg,1,1.0,True,True
Q082,,figure,22,figure,True,False,fuse_code,1,1.0,True,True
Q082,,figure,22,figure,True,False,fuse_gen,1,1.0,True,True
Q082,,figure,22,figure,True,False,fuse_spec_text,1,1.0,True,True
Q083,,text,75,table,True,False,q_text,19,0.05263157894736842,False,False
Q083,,text,75,table,True,False,spec_text,11,0.09090909090909091,False,False
Q083,,text,75,table,True,False,code_img,11,0.09090909090909091,False,False
Q083,,text,75,table,True,False,gen_img,9,0.1111111111111111,False,False
Q083,,text,75,table,True,False,qimg,37,0.02702702702702703,False,False
Q083,,text,75,table,True,False,fuse_code,12,0.08333333333333333,False,False
Q083,,text,75,table,True,False,fuse_gen,10,0.1,False,False
Q083,,text,75,table,True,False,fuse_spec_text,10,0.1,False,False
Q084,A39,text,17,text,False,False,q_text,1,1.0,True,True
Q084,A39,text,17,text,False,False,spec_text,1,1.0,True,True
Q084,A39,text,17,text,False,False,code_img,2,0.5,False,True
Q084,A39,text,17,text,False,False,gen_img,2,0.5,False,True
Q084,A39,text,17,text,False,False,qimg,1,1.0,True,True
Q084,A39,text,17,text,False,False,fuse_code,1,1.0,True,True
Q084,A39,text,17,text,False,False,fuse_gen,2,0.5,False,True
Q084,A39,text,17,text,False,False,fuse_spec_text,1,1.0,True,True
Q085,A24,text,15,layout,True,True,q_text,1,1.0,True,True
Q085,A24,text,15,layout,True,True,spec_text,2,0.5,False,True
Q085,A24,text,15,layout,True,True,spec_text_h,2,0.5,False,True
Q085,A24,text,15,layout,True,True,code_img,2,0.5,False,True
Q085,A24,text,15,layout,True,True,gen_img,2,0.5,False,True
Q085,A24,text,15,layout,True,True,qimg,1,1.0,True,True
Q085,A24,text,15,layout,True,True,code_img_h,3,0.3333333333333333,False,True
Q085,A24,text,15,layout,True,True,gen_img_h,2,0.5,False,True
Q085,A24,text,15,layout,True,True,oracle,1,1.0,True,True
Q085,A24,text,15,layout,True,True,fuse_code,1,1.0,True,True
Q085,A24,text,15,layout,True,True,fuse_gen,2,0.5,False,True
Q085,A24,text,15,layout,True,True,fuse_spec_text,1,1.0,True,True
Q085,A24,text,15,layout,True,True,fuse_code_h,2,0.5,False,True
Q085,A24,text,15,layout,True,True,fuse_gen_h,1,1.0,True,True
Q086,,chart,23,figure,True,False,q_text,1,1.0,True,True
Q086,,chart,23,figure,True,False,spec_text,1,1.0,True,True
Q086,,chart,23,figure,True,False,code_img,1,1.0,True,True
Q086,,chart,23,figure,True,False,gen_img,1,1.0,True,True
Q086,,chart,23,figure,True,False,qimg,1,1.0,True,True
Q086,,chart,23,figure,True,False,fuse_code,1,1.0,True,True
Q086,,chart,23,figure,True,False,fuse_gen,1,1.0,True,True
Q086,,chart,23,figure,True,False,fuse_spec_text,1,1.0,True,True
Q087,A32,table,20,table,True,False,q_text,1,1.0,True,True
Q087,A32,table,20,table,True,False,spec_text,1,1.0,True,True
Q087,A32,table,20,table,True,False,code_img,1,1.0,True,True
Q087,A32,table,20,table,True,False,gen_img,1,1.0,True,True
Q087,A32,table,20,table,True,False,qimg,1,1.0,True,True
Q087,A32,table,20,table,True,False,fuse_code,1,1.0,True,True
Q087,A32,table,20,table,True,False,fuse_gen,1,1.0,True,True
Q087,A32,table,20,table,True,False,fuse_spec_text,1,1.0,True,True
Q088,,table,75,table,True,False,q_text,1,1.0,True,True
Q088,,table,75,table,True,False,spec_text,1,1.0,True,True
Q088,,table,75,table,True,False,code_img,10,0.1,False,False
Q088,,table,75,table,True,False,gen_img,11,0.09090909090909091,False,False
Q088,,table,75,table,True,False,qimg,1,1.0,True,True
Q088,,table,75,table,True,False,fuse_code,2,0.5,False,True
Q088,,table,75,table,True,False,fuse_gen,2,0.5,False,True
Q088,,table,75,table,True,False,fuse_spec_text,1,1.0,True,True
Q089,,text,15,text,False,False,q_text,1,1.0,True,True
Q089,,text,15,text,False,False,spec_text,1,1.0,True,True
Q089,,text,15,text,False,False,code_img,1,1.0,True,True
Q089,,text,15,text,False,False,gen_img,1,1.0,True,True
Q089,,text,15,text,False,False,qimg,1,1.0,True,True
Q089,,text,15,text,False,False,fuse_code,1,1.0,True,True
Q089,,text,15,text,False,False,fuse_gen,1,1.0,True,True
Q089,,text,15,text,False,False,fuse_spec_text,1,1.0,True,True
Q090,,text,20,text,False,False,q_text,1,1.0,True,True
Q090,,text,20,text,False,False,spec_text,1,1.0,True,True
Q090,,text,20,text,False,False,code_img,1,1.0,True,True
Q090,,text,20,text,False,False,gen_img,1,1.0,True,True
Q090,,text,20,text,False,False,qimg,1,1.0,True,True
Q090,,text,20,text,False,False,fuse_code,1,1.0,True,True
Q090,,text,20,text,False,False,fuse_gen,1,1.0,True,True
Q090,,text,20,text,False,False,fuse_spec_text,1,1.0,True,True
Q091,A13,figure,18,figure,True,True,q_text,1,1.0,True,True
Q091,A13,figure,18,figure,True,True,spec_text,1,1.0,True,True
Q091,A13,figure,18,figure,True,True,spec_text_h,5,0.2,False,True
Q091,A13,figure,18,figure,True,True,code_img,1,1.0,True,True
Q091,A13,figure,18,figure,True,True,gen_img,8,0.125,False,False
Q091,A13,figure,18,figure,True,True,qimg,1,1.0,True,True
Q091,A13,figure,18,figure,True,True,code_img_h,2,0.5,False,True
Q091,A13,figure,18,figure,True,True,gen_img_h,1,1.0,True,True
Q091,A13,figure,18,figure,True,True,fuse_code,1,1.0,True,True
Q091,A13,figure,18,figure,True,True,fuse_gen,1,1.0,True,True
Q091,A13,figure,18,figure,True,True,fuse_spec_text,1,1.0,True,True
Q091,A13,figure,18,figure,True,True,fuse_code_h,1,1.0,True,True
Q091,A13,figure,18,figure,True,True,fuse_gen_h,1,1.0,True,True
Q092,,text,15,text,False,False,q_text,2,0.5,False,True
Q092,,text,15,text,False,False,spec_text,2,0.5,False,True
Q092,,text,15,text,False,False,code_img,1,1.0,True,True
Q092,,text,15,text,False,False,gen_img,1,1.0,True,True
Q092,,text,15,text,False,False,qimg,1,1.0,True,True
Q092,,text,15,text,False,False,fuse_code,1,1.0,True,True
Q092,,text,15,text,False,False,fuse_gen,1,1.0,True,True
Q092,,text,15,text,False,False,fuse_spec_text,2,0.5,False,True
Q093,,figure,53,figure,True,False,q_text,1,1.0,True,True
Q093,,figure,53,figure,True,False,spec_text,1,1.0,True,True
Q093,,figure,53,figure,True,False,code_img,1,1.0,True,True
Q093,,figure,53,figure,True,False,gen_img,1,1.0,True,True
Q093,,figure,53,figure,True,False,qimg,1,1.0,True,True
Q093,,figure,53,figure,True,False,fuse_code,1,1.0,True,True
Q093,,figure,53,figure,True,False,fuse_gen,1,1.0,True,True
Q093,,figure,53,figure,True,False,fuse_spec_text,1,1.0,True,True
Q094,,text,20,text,False,False,q_text,1,1.0,True,True
Q094,,text,20,text,False,False,spec_text,1,1.0,True,True
Q094,,text,20,text,False,False,code_img,1,1.0,True,True
Q094,,text,20,text,False,False,gen_img,1,1.0,True,True
Q094,,text,20,text,False,False,qimg,1,1.0,True,True
Q094,,text,20,text,False,False,fuse_code,1,1.0,True,True
Q094,,text,20,text,False,False,fuse_gen,1,1.0,True,True
Q094,,text,20,text,False,False,fuse_spec_text,1,1.0,True,True
Q095,,layout,17,layout,True,False,q_text,6,0.16666666666666666,False,False
Q095,,layout,17,layout,True,False,spec_text,7,0.14285714285714285,False,False
Q095,,layout,17,layout,True,False,code_img,15,0.06666666666666667,False,False
Q095,,layout,17,layout,True,False,gen_img,17,0.058823529411764705,False,False
Q095,,layout,17,layout,True,False,qimg,5,0.2,False,True
Q095,,layout,17,layout,True,False,fuse_code,8,0.125,False,False
Q095,,layout,17,layout,True,False,fuse_gen,15,0.06666666666666667,False,False
Q095,,layout,17,layout,True,False,fuse_spec_text,6,0.16666666666666666,False,False
Q096,,figure,44,figure,True,False,q_text,1,1.0,True,True
Q096,,figure,44,figure,True,False,spec_text,1,1.0,True,True
Q096,,figure,44,figure,True,False,code_img,1,1.0,True,True
Q096,,figure,44,figure,True,False,gen_img,1,1.0,True,True
Q096,,figure,44,figure,True,False,qimg,1,1.0,True,True
Q096,,figure,44,figure,True,False,fuse_code,1,1.0,True,True
Q096,,figure,44,figure,True,False,fuse_gen,1,1.0,True,True
Q096,,figure,44,figure,True,False,fuse_spec_text,1,1.0,True,True
Q097,,table,20,table,True,False,q_text,2,0.5,False,True
Q097,,table,20,table,True,False,spec_text,1,1.0,True,True
Q097,,table,20,table,True,False,code_img,1,1.0,True,True
Q097,,table,20,table,True,False,gen_img,1,1.0,True,True
Q097,,table,20,table,True,False,qimg,2,0.5,False,True
Q097,,table,20,table,True,False,fuse_code,1,1.0,True,True
Q097,,table,20,table,True,False,fuse_gen,1,1.0,True,True
Q097,,table,20,table,True,False,fuse_spec_text,1,1.0,True,True
Q098,,figure,20,figure,True,False,q_text,1,1.0,True,True
Q098,,figure,20,figure,True,False,spec_text,2,0.5,False,True
Q098,,figure,20,figure,True,False,code_img,2,0.5,False,True
Q098,,figure,20,figure,True,False,gen_img,6,0.16666666666666666,False,False
Q098,,figure,20,figure,True,False,qimg,2,0.5,False,True
Q098,,figure,20,figure,True,False,fuse_code,2,0.5,False,True
Q098,,figure,20,figure,True,False,fuse_gen,3,0.3333333333333333,False,True
Q098,,figure,20,figure,True,False,fuse_spec_text,2,0.5,False,True
Q099,A03,table,44,table,True,True,q_text,1,1.0,True,True
Q099,A03,table,44,table,True,True,spec_text,1,1.0,True,True
Q099,A03,table,44,table,True,True,spec_text_h,26,0.038461538461538464,False,False
Q099,A03,table,44,table,True,True,code_img,1,1.0,True,True
Q099,A03,table,44,table,True,True,gen_img,1,1.0,True,True
Q099,A03,table,44,table,True,True,qimg,1,1.0,True,True
Q099,A03,table,44,table,True,True,code_img_h,26,0.038461538461538464,False,False
Q099,A03,table,44,table,True,True,gen_img_h,14,0.07142857142857142,False,False
Q099,A03,table,44,table,True,True,oracle,1,1.0,True,True
Q099,A03,table,44,table,True,True,fuse_code,1,1.0,True,True
Q099,A03,table,44,table,True,True,fuse_gen,1,1.0,True,True
Q099,A03,table,44,table,True,True,fuse_spec_text,1,1.0,True,True
Q099,A03,table,44,table,True,True,fuse_code_h,2,0.5,False,True
Q099,A03,table,44,table,True,True,fuse_gen_h,1,1.0,True,True
Q100,,table,75,table,True,False,q_text,46,0.021739130434782608,False,False
Q100,,table,75,table,True,False,spec_text,1,1.0,True,True
Q100,,table,75,table,True,False,code_img,1,1.0,True,True
Q100,,table,75,table,True,False,gen_img,1,1.0,True,True
Q100,,table,75,table,True,False,qimg,31,0.03225806451612903,False,False
Q100,,table,75,table,True,False,fuse_code,1,1.0,True,True
Q100,,table,75,table,True,False,fuse_gen,1,1.0,True,True
Q100,,table,75,table,True,False,fuse_spec_text,1,1.0,True,True
Q101,,chart,17,figure,True,False,q_text,6,0.16666666666666666,False,False
Q101,,chart,17,figure,True,False,spec_text,1,1.0,True,True
Q101,,chart,17,figure,True,False,code_img,1,1.0,True,True
Q101,,chart,17,figure,True,False,gen_img,1,1.0,True,True
Q101,,chart,17,figure,True,False,qimg,3,0.3333333333333333,False,True
Q101,,chart,17,figure,True,False,fuse_code,1,1.0,True,True
Q101,,chart,17,figure,True,False,fuse_gen,3,0.3333333333333333,False,True
Q101,,chart,17,figure,True,False,fuse_spec_text,1,1.0,True,True
Q102,,text,72,text,False,False,q_text,1,1.0,True,True
Q102,,text,72,text,False,False,spec_text,1,1.0,True,True
Q102,,text,72,text,False,False,code_img,1,1.0,True,True
Q102,,text,72,text,False,False,gen_img,1,1.0,True,True
Q102,,text,72,text,False,False,qimg,1,1.0,True,True
Q102,,text,72,text,False,False,fuse_code,1,1.0,True,True
Q102,,text,72,text,False,False,fuse_gen,1,1.0,True,True
Q102,,text,72,text,False,False,fuse_spec_text,1,1.0,True,True
Q103,,text,20,text,False,False,q_text,1,1.0,True,True
Q103,,text,20,text,False,False,spec_text,1,1.0,True,True
Q103,,text,20,text,False,False,code_img,1,1.0,True,True
Q103,,text,20,text,False,False,gen_img,1,1.0,True,True
Q103,,text,20,text,False,False,qimg,1,1.0,True,True
Q103,,text,20,text,False,False,fuse_code,1,1.0,True,True
Q103,,text,20,text,False,False,fuse_gen,1,1.0,True,True
Q103,,text,20,text,False,False,fuse_spec_text,1,1.0,True,True
Q104,A27,figure,17,layout,True,False,q_text,1,1.0,True,True
Q104,A27,figure,17,layout,True,False,spec_text,1,1.0,True,True
Q104,A27,figure,17,layout,True,False,code_img,1,1.0,True,True
Q104,A27,figure,17,layout,True,False,gen_img,1,1.0,True,True
Q104,A27,figure,17,layout,True,False,qimg,1,1.0,True,True
Q104,A27,figure,17,layout,True,False,fuse_code,1,1.0,True,True
Q104,A27,figure,17,layout,True,False,fuse_gen,1,1.0,True,True
Q104,A27,figure,17,layout,True,False,fuse_spec_text,1,1.0,True,True
Q105,,chart,15,chart,True,False,q_text,1,1.0,True,True
Q105,,chart,15,chart,True,False,spec_text,1,1.0,True,True
Q105,,chart,15,chart,True,False,code_img,1,1.0,True,True
Q105,,chart,15,chart,True,False,gen_img,1,1.0,True,True
Q105,,chart,15,chart,True,False,qimg,1,1.0,True,True
Q105,,chart,15,chart,True,False,fuse_code,1,1.0,True,True
Q105,,chart,15,chart,True,False,fuse_gen,1,1.0,True,True
Q105,,chart,15,chart,True,False,fuse_spec_text,1,1.0,True,True
Q106,A01,chart,15,figure,True,True,q_text,1,1.0,True,True
Q106,A01,chart,15,figure,True,True,spec_text,1,1.0,True,True
Q106,A01,chart,15,figure,True,True,spec_text_h,1,1.0,True,True
Q106,A01,chart,15,figure,True,True,code_img,1,1.0,True,True
Q106,A01,chart,15,figure,True,True,gen_img,1,1.0,True,True
Q106,A01,chart,15,figure,True,True,qimg,1,1.0,True,True
Q106,A01,chart,15,figure,True,True,code_img_h,1,1.0,True,True
Q106,A01,chart,15,figure,True,True,gen_img_h,9,0.1111111111111111,False,False
Q106,A01,chart,15,figure,True,True,oracle,1,1.0,True,True
Q106,A01,chart,15,figure,True,True,fuse_code,1,1.0,True,True
Q106,A01,chart,15,figure,True,True,fuse_gen,1,1.0,True,True
Q106,A01,chart,15,figure,True,True,fuse_spec_text,1,1.0,True,True
Q106,A01,chart,15,figure,True,True,fuse_code_h,1,1.0,True,True
Q106,A01,chart,15,figure,True,True,fuse_gen_h,1,1.0,True,True
Q107,,chart,28,chart,True,False,q_text,1,1.0,True,True
Q107,,chart,28,chart,True,False,spec_text,1,1.0,True,True
Q107,,chart,28,chart,True,False,code_img,1,1.0,True,True
Q107,,chart,28,chart,True,False,gen_img,1,1.0,True,True
Q107,,chart,28,chart,True,False,qimg,1,1.0,True,True
Q107,,chart,28,chart,True,False,fuse_code,1,1.0,True,True
Q107,,chart,28,chart,True,False,fuse_gen,1,1.0,True,True
Q107,,chart,28,chart,True,False,fuse_spec_text,1,1.0,True,True
Q108,A19,table,20,table,True,False,q_text,1,1.0,True,True
Q108,A19,table,20,table,True,False,spec_text,1,1.0,True,True
Q108,A19,table,20,table,True,False,code_img,1,1.0,True,True
Q108,A19,table,20,table,True,False,gen_img,1,1.0,True,True
Q108,A19,table,20,table,True,False,qimg,1,1.0,True,True
Q108,A19,table,20,table,True,False,fuse_code,1,1.0,True,True
Q108,A19,table,20,table,True,False,fuse_gen,1,1.0,True,True
Q108,A19,table,20,table,True,False,fuse_spec_text,1,1.0,True,True
Q109,,chart,28,chart,True,False,q_text,1,1.0,True,True
Q109,,chart,28,chart,True,False,spec_text,1,1.0,True,True
Q109,,chart,28,chart,True,False,code_img,1,1.0,True,True
Q109,,chart,28,chart,True,False,gen_img,1,1.0,True,True
Q109,,chart,28,chart,True,False,qimg,1,1.0,True,True
Q109,,chart,28,chart,True,False,fuse_code,1,1.0,True,True
Q109,,chart,28,chart,True,False,fuse_gen,1,1.0,True,True
Q109,,chart,28,chart,True,False,fuse_spec_text,1,1.0,True,True
Q110,,figure,77,figure,True,False,q_text,1,1.0,True,True
Q110,,figure,77,figure,True,False,spec_text,1,1.0,True,True
Q110,,figure,77,figure,True,False,code_img,1,1.0,True,True
Q110,,figure,77,figure,True,False,gen_img,1,1.0,True,True
Q110,,figure,77,figure,True,False,qimg,1,1.0,True,True
Q110,,figure,77,figure,True,False,fuse_code,1,1.0,True,True
Q110,,figure,77,figure,True,False,fuse_gen,1,1.0,True,True
Q110,,figure,77,figure,True,False,fuse_spec_text,1,1.0,True,True
Q111,,figure,78,figure,True,False,q_text,1,1.0,True,True
Q111,,figure,78,figure,True,False,spec_text,1,1.0,True,True
Q111,,figure,78,figure,True,False,code_img,1,1.0,True,True
Q111,,figure,78,figure,True,False,gen_img,1,1.0,True,True
Q111,,figure,78,figure,True,False,qimg,2,0.5,False,True
Q111,,figure,78,figure,True,False,fuse_code,1,1.0,True,True
Q111,,figure,78,figure,True,False,fuse_gen,1,1.0,True,True
Q111,,figure,78,figure,True,False,fuse_spec_text,1,1.0,True,True
Q112,,table,20,table,True,False,q_text,1,1.0,True,True
Q112,,table,20,table,True,False,spec_text,1,1.0,True,True
Q112,,table,20,table,True,False,code_img,1,1.0,True,True
Q112,,table,20,table,True,False,gen_img,1,1.0,True,True
Q112,,table,20,table,True,False,qimg,1,1.0,True,True
Q112,,table,20,table,True,False,fuse_code,1,1.0,True,True
Q112,,table,20,table,True,False,fuse_gen,1,1.0,True,True
Q112,,table,20,table,True,False,fuse_spec_text,1,1.0,True,True
Q113,A05,figure,17,figure,True,True,q_text,1,1.0,True,True
Q113,A05,figure,17,figure,True,True,spec_text,1,1.0,True,True
Q113,A05,figure,17,figure,True,True,spec_text_h,1,1.0,True,True
Q113,A05,figure,17,figure,True,True,code_img,2,0.5,False,True
Q113,A05,figure,17,figure,True,True,gen_img,2,0.5,False,True
Q113,A05,figure,17,figure,True,True,qimg,1,1.0,True,True
Q113,A05,figure,17,figure,True,True,code_img_h,2,0.5,False,True
Q113,A05,figure,17,figure,True,True,gen_img_h,6,0.16666666666666666,False,False
Q113,A05,figure,17,figure,True,True,oracle,1,1.0,True,True
Q113,A05,figure,17,figure,True,True,fuse_code,1,1.0,True,True
Q113,A05,figure,17,figure,True,True,fuse_gen,1,1.0,True,True
Q113,A05,figure,17,figure,True,True,fuse_spec_text,1,1.0,True,True
Q113,A05,figure,17,figure,True,True,fuse_code_h,1,1.0,True,True
Q113,A05,figure,17,figure,True,True,fuse_gen_h,1,1.0,True,True
Q114,,figure,22,figure,True,False,q_text,1,1.0,True,True
Q114,,figure,22,figure,True,False,spec_text,1,1.0,True,True
Q114,,figure,22,figure,True,False,code_img,1,1.0,True,True
Q114,,figure,22,figure,True,False,gen_img,1,1.0,True,True
Q114,,figure,22,figure,True,False,qimg,3,0.3333333333333333,False,True
Q114,,figure,22,figure,True,False,fuse_code,1,1.0,True,True
Q114,,figure,22,figure,True,False,fuse_gen,1,1.0,True,True
Q114,,figure,22,figure,True,False,fuse_spec_text,1,1.0,True,True
Q115,,table,75,table,True,False,q_text,16,0.0625,False,False
Q115,,table,75,table,True,False,spec_text,1,1.0,True,True
Q115,,table,75,table,True,False,code_img,1,1.0,True,True
Q115,,table,75,table,True,False,gen_img,1,1.0,True,True
Q115,,table,75,table,True,False,qimg,13,0.07692307692307693,False,False
Q115,,table,75,table,True,False,fuse_code,1,1.0,True,True
Q115,,table,75,table,True,False,fuse_gen,1,1.0,True,True
Q115,,table,75,table,True,False,fuse_spec_text,1,1.0,True,True
Q116,,chart,23,chart,True,False,q_text,1,1.0,True,True
Q116,,chart,23,chart,True,False,spec_text,1,1.0,True,True
Q116,,chart,23,chart,True,False,code_img,1,1.0,True,True
Q116,,chart,23,chart,True,False,gen_img,1,1.0,True,True
Q116,,chart,23,chart,True,False,qimg,1,1.0,True,True
Q116,,chart,23,chart,True,False,fuse_code,1,1.0,True,True
Q116,,chart,23,chart,True,False,fuse_gen,1,1.0,True,True
Q116,,chart,23,chart,True,False,fuse_spec_text,1,1.0,True,True
Q117,,figure,17,figure,True,False,q_text,14,0.07142857142857142,False,False
Q117,,figure,17,figure,True,False,spec_text,14,0.07142857142857142,False,False
Q117,,figure,17,figure,True,False,code_img,15,0.06666666666666667,False,False
Q117,,figure,17,figure,True,False,gen_img,7,0.14285714285714285,False,False
Q117,,figure,17,figure,True,False,qimg,11,0.09090909090909091,False,False
Q117,,figure,17,figure,True,False,fuse_code,15,0.06666666666666667,False,False
Q117,,figure,17,figure,True,False,fuse_gen,10,0.1,False,False
Q117,,figure,17,figure,True,False,fuse_spec_text,16,0.0625,False,False
Q118,A26,chart,34,chart,True,False,q_text,1,1.0,True,True
Q118,A26,chart,34,chart,True,False,spec_text,1,1.0,True,True
Q118,A26,chart,34,chart,True,False,code_img,1,1.0,True,True
Q118,A26,chart,34,chart,True,False,gen_img,1,1.0,True,True
Q118,A26,chart,34,chart,True,False,qimg,1,1.0,True,True
Q118,A26,chart,34,chart,True,False,fuse_code,1,1.0,True,True
Q118,A26,chart,34,chart,True,False,fuse_gen,1,1.0,True,True
Q118,A26,chart,34,chart,True,False,fuse_spec_text,1,1.0,True,True
Q119,A11,table,22,figure,True,True,q_text,1,1.0,True,True
Q119,A11,table,22,figure,True,True,spec_text,1,1.0,True,True
Q119,A11,table,22,figure,True,True,spec_text_h,1,1.0,True,True
Q119,A11,table,22,figure,True,True,code_img,1,1.0,True,True
Q119,A11,table,22,figure,True,True,gen_img,1,1.0,True,True
Q119,A11,table,22,figure,True,True,qimg,1,1.0,True,True
Q119,A11,table,22,figure,True,True,code_img_h,1,1.0,True,True
Q119,A11,table,22,figure,True,True,gen_img_h,8,0.125,False,False
Q119,A11,table,22,figure,True,True,oracle,1,1.0,True,True
Q119,A11,table,22,figure,True,True,fuse_code,1,1.0,True,True
Q119,A11,table,22,figure,True,True,fuse_gen,1,1.0,True,True
Q119,A11,table,22,figure,True,True,fuse_spec_text,1,1.0,True,True
Q119,A11,table,22,figure,True,True,fuse_code_h,1,1.0,True,True
Q119,A11,table,22,figure,True,True,fuse_gen_h,2,0.5,False,True
Q120,A30,chart,28,chart,True,False,q_text,1,1.0,True,True
Q120,A30,chart,28,chart,True,False,spec_text,2,0.5,False,True
Q120,A30,chart,28,chart,True,False,code_img,2,0.5,False,True
Q120,A30,chart,28,chart,True,False,gen_img,2,0.5,False,True
Q120,A30,chart,28,chart,True,False,qimg,1,1.0,True,True
Q120,A30,chart,28,chart,True,False,fuse_code,2,0.5,False,True
Q120,A30,chart,28,chart,True,False,fuse_gen,2,0.5,False,True
Q120,A30,chart,28,chart,True,False,fuse_spec_text,2,0.5,False,True
Q121,,text,72,text,False,False,q_text,1,1.0,True,True
Q121,,text,72,text,False,False,spec_text,1,1.0,True,True
Q121,,text,72,text,False,False,code_img,1,1.0,True,True
Q121,,text,72,text,False,False,gen_img,1,1.0,True,True
Q121,,text,72,text,False,False,qimg,9,0.1111111111111111,False,False
Q121,,text,72,text,False,False,fuse_code,1,1.0,True,True
Q121,,text,72,text,False,False,fuse_gen,1,1.0,True,True
Q121,,text,72,text,False,False,fuse_spec_text,1,1.0,True,True
Q122,A10,chart,30,chart,True,True,q_text,1,1.0,True,True
Q122,A10,chart,30,chart,True,True,spec_text,1,1.0,True,True
Q122,A10,chart,30,chart,True,True,spec_text_h,1,1.0,True,True
Q122,A10,chart,30,chart,True,True,code_img,1,1.0,True,True
Q122,A10,chart,30,chart,True,True,gen_img,1,1.0,True,True
Q122,A10,chart,30,chart,True,True,qimg,1,1.0,True,True
Q122,A10,chart,30,chart,True,True,code_img_h,1,1.0,True,True
Q122,A10,chart,30,chart,True,True,gen_img_h,2,0.5,False,True
Q122,A10,chart,30,chart,True,True,oracle,1,1.0,True,True
Q122,A10,chart,30,chart,True,True,fuse_code,1,1.0,True,True
Q122,A10,chart,30,chart,True,True,fuse_gen,1,1.0,True,True
Q122,A10,chart,30,chart,True,True,fuse_spec_text,1,1.0,True,True
Q122,A10,chart,30,chart,True,True,fuse_code_h,1,1.0,True,True
Q122,A10,chart,30,chart,True,True,fuse_gen_h,2,0.5,False,True
Q123,,text,20,chart,True,False,q_text,1,1.0,True,True
Q123,,text,20,chart,True,False,spec_text,1,1.0,True,True
Q123,,text,20,chart,True,False,code_img,1,1.0,True,True
Q123,,text,20,chart,True,False,gen_img,1,1.0,True,True
Q123,,text,20,chart,True,False,qimg,1,1.0,True,True
Q123,,text,20,chart,True,False,fuse_code,1,1.0,True,True
Q123,,text,20,chart,True,False,fuse_gen,1,1.0,True,True
Q123,,text,20,chart,True,False,fuse_spec_text,1,1.0,True,True
Q124,,figure,17,figure,True,False,q_text,8,0.125,False,False
Q124,,figure,17,figure,True,False,spec_text,11,0.09090909090909091,False,False
Q124,,figure,17,figure,True,False,code_img,13,0.07692307692307693,False,False
Q124,,figure,17,figure,True,False,gen_img,15,0.06666666666666667,False,False
Q124,,figure,17,figure,True,False,qimg,9,0.1111111111111111,False,False
Q124,,figure,17,figure,True,False,fuse_code,12,0.08333333333333333,False,False
Q124,,figure,17,figure,True,False,fuse_gen,13,0.07692307692307693,False,False
Q124,,figure,17,figure,True,False,fuse_spec_text,10,0.1,False,False
Q125,,text,20,layout,True,False,q_text,1,1.0,True,True
Q125,,text,20,layout,True,False,spec_text,1,1.0,True,True
Q125,,text,20,layout,True,False,code_img,1,1.0,True,True
Q125,,text,20,layout,True,False,gen_img,2,0.5,False,True
Q125,,text,20,layout,True,False,qimg,2,0.5,False,True
Q125,,text,20,layout,True,False,fuse_code,1,1.0,True,True
Q125,,text,20,layout,True,False,fuse_gen,2,0.5,False,True
Q125,,text,20,layout,True,False,fuse_spec_text,1,1.0,True,True
Q126,,text,17,layout,True,False,q_text,7,0.14285714285714285,False,False
Q126,,text,17,layout,True,False,spec_text,2,0.5,False,True
Q126,,text,17,layout,True,False,code_img,4,0.25,False,True
Q126,,text,17,layout,True,False,gen_img,10,0.1,False,False
Q126,,text,17,layout,True,False,qimg,10,0.1,False,False
Q126,,text,17,layout,True,False,fuse_code,4,0.25,False,True
Q126,,text,17,layout,True,False,fuse_gen,11,0.09090909090909091,False,False
Q126,,text,17,layout,True,False,fuse_spec_text,3,0.3333333333333333,False,True
Q127,,figure,53,figure,True,False,q_text,1,1.0,True,True
Q127,,figure,53,figure,True,False,spec_text,1,1.0,True,True
Q127,,figure,53,figure,True,False,code_img,1,1.0,True,True
Q127,,figure,53,figure,True,False,gen_img,16,0.0625,False,False
Q127,,figure,53,figure,True,False,qimg,1,1.0,True,True
Q127,,figure,53,figure,True,False,fuse_code,1,1.0,True,True
Q127,,figure,53,figure,True,False,fuse_gen,1,1.0,True,True
Q127,,figure,53,figure,True,False,fuse_spec_text,1,1.0,True,True
Q128,,layout,17,layout,True,False,q_text,10,0.1,False,False
Q128,,layout,17,layout,True,False,spec_text,13,0.07692307692307693,False,False
Q128,,layout,17,layout,True,False,code_img,14,0.07142857142857142,False,False
Q128,,layout,17,layout,True,False,gen_img,10,0.1,False,False
Q128,,layout,17,layout,True,False,qimg,11,0.09090909090909091,False,False
Q128,,layout,17,layout,True,False,fuse_code,13,0.07692307692307693,False,False
Q128,,layout,17,layout,True,False,fuse_gen,11,0.09090909090909091,False,False
Q128,,layout,17,layout,True,False,fuse_spec_text,13,0.07692307692307693,False,False
Q129,,table,72,table,True,False,q_text,43,0.023255813953488372,False,False
Q129,,table,72,table,True,False,spec_text,4,0.25,False,True
Q129,,table,72,table,True,False,code_img,5,0.2,False,True
Q129,,table,72,table,True,False,gen_img,5,0.2,False,True
Q129,,table,72,table,True,False,qimg,13,0.07692307692307693,False,False
Q129,,table,72,table,True,False,fuse_code,10,0.1,False,False
Q129,,table,72,table,True,False,fuse_gen,9,0.1111111111111111,False,False
Q129,,table,72,table,True,False,fuse_spec_text,14,0.07142857142857142,False,False
Q130,,chart,21,chart,True,False,q_text,1,1.0,True,True
Q130,,chart,21,chart,True,False,spec_text,1,1.0,True,True
Q130,,chart,21,chart,True,False,code_img,1,1.0,True,True
Q130,,chart,21,chart,True,False,gen_img,1,1.0,True,True
Q130,,chart,21,chart,True,False,qimg,1,1.0,True,True
Q130,,chart,21,chart,True,False,fuse_code,1,1.0,True,True
Q130,,chart,21,chart,True,False,fuse_gen,1,1.0,True,True
Q130,,chart,21,chart,True,False,fuse_spec_text,1,1.0,True,True
Q131,,text,72,text,False,False,q_text,1,1.0,True,True
Q131,,text,72,text,False,False,spec_text,1,1.0,True,True
Q131,,text,72,text,False,False,code_img,1,1.0,True,True
Q131,,text,72,text,False,False,gen_img,3,0.3333333333333333,False,True
Q131,,text,72,text,False,False,qimg,1,1.0,True,True
Q131,,text,72,text,False,False,fuse_code,1,1.0,True,True
Q131,,text,72,text,False,False,fuse_gen,1,1.0,True,True
Q131,,text,72,text,False,False,fuse_spec_text,1,1.0,True,True
Q132,A35,chart,32,chart,True,False,q_text,1,1.0,True,True
Q132,A35,chart,32,chart,True,False,spec_text,1,1.0,True,True
Q132,A35,chart,32,chart,True,False,code_img,1,1.0,True,True
Q132,A35,chart,32,chart,True,False,gen_img,1,1.0,True,True
Q132,A35,chart,32,chart,True,False,qimg,1,1.0,True,True
Q132,A35,chart,32,chart,True,False,fuse_code,1,1.0,True,True
Q132,A35,chart,32,chart,True,False,fuse_gen,1,1.0,True,True
Q132,A35,chart,32,chart,True,False,fuse_spec_text,1,1.0,True,True
Q133,,table,36,chart,True,False,q_text,1,1.0,True,True
Q133,,table,36,chart,True,False,spec_text,1,1.0,True,True
Q133,,table,36,chart,True,False,code_img,2,0.5,False,True
Q133,,table,36,chart,True,False,gen_img,2,0.5,False,True
Q133,,table,36,chart,True,False,qimg,1,1.0,True,True
Q133,,table,36,chart,True,False,fuse_code,2,0.5,False,True
Q133,,table,36,chart,True,False,fuse_gen,1,1.0,True,True
Q133,,table,36,chart,True,False,fuse_spec_text,1,1.0,True,True
Q134,A06,chart,21,chart,True,True,q_text,1,1.0,True,True
Q134,A06,chart,21,chart,True,True,spec_text,1,1.0,True,True
Q134,A06,chart,21,chart,True,True,spec_text_h,1,1.0,True,True
Q134,A06,chart,21,chart,True,True,code_img,1,1.0,True,True
Q134,A06,chart,21,chart,True,True,gen_img,1,1.0,True,True
Q134,A06,chart,21,chart,True,True,qimg,1,1.0,True,True
Q134,A06,chart,21,chart,True,True,code_img_h,1,1.0,True,True
Q134,A06,chart,21,chart,True,True,gen_img_h,1,1.0,True,True
Q134,A06,chart,21,chart,True,True,oracle,1,1.0,True,True
Q134,A06,chart,21,chart,True,True,fuse_code,1,1.0,True,True
Q134,A06,chart,21,chart,True,True,fuse_gen,1,1.0,True,True
Q134,A06,chart,21,chart,True,True,fuse_spec_text,1,1.0,True,True
Q134,A06,chart,21,chart,True,True,fuse_code_h,1,1.0,True,True
Q134,A06,chart,21,chart,True,True,fuse_gen_h,1,1.0,True,True
Q135,,table,20,table,True,False,q_text,6,0.16666666666666666,False,False
Q135,,table,20,table,True,False,spec_text,3,0.3333333333333333,False,True
Q135,,table,20,table,True,False,code_img,3,0.3333333333333333,False,True
Q135,,table,20,table,True,False,gen_img,3,0.3333333333333333,False,True
Q135,,table,20,table,True,False,qimg,5,0.2,False,True
Q135,,table,20,table,True,False,fuse_code,3,0.3333333333333333,False,True
Q135,,table,20,table,True,False,fuse_gen,4,0.25,False,True
Q135,,table,20,table,True,False,fuse_spec_text,3,0.3333333333333333,False,True
Q136,,table,77,table,True,False,q_text,1,1.0,True,True
Q136,,table,77,table,True,False,spec_text,11,0.09090909090909091,False,False
Q136,,table,77,table,True,False,code_img,2,0.5,False,True
Q136,,table,77,table,True,False,gen_img,2,0.5,False,True
Q136,,table,77,table,True,False,qimg,1,1.0,True,True
Q136,,table,77,table,True,False,fuse_code,1,1.0,True,True
Q136,,table,77,table,True,False,fuse_gen,1,1.0,True,True
Q136,,table,77,table,True,False,fuse_spec_text,1,1.0,True,True
Q137,,text,18,table,True,False,q_text,1,1.0,True,True
Q137,,text,18,table,True,False,spec_text,1,1.0,True,True
Q137,,text,18,table,True,False,code_img,1,1.0,True,True
Q137,,text,18,table,True,False,gen_img,1,1.0,True,True
Q137,,text,18,table,True,False,qimg,1,1.0,True,True
Q137,,text,18,table,True,False,fuse_code,1,1.0,True,True
Q137,,text,18,table,True,False,fuse_gen,1,1.0,True,True
Q137,,text,18,table,True,False,fuse_spec_text,1,1.0,True,True
Q138,A02,figure,77,figure,True,True,q_text,1,1.0,True,True
Q138,A02,figure,77,figure,True,True,spec_text,1,1.0,True,True
Q138,A02,figure,77,figure,True,True,spec_text_h,1,1.0,True,True
Q138,A02,figure,77,figure,True,True,code_img,1,1.0,True,True
Q138,A02,figure,77,figure,True,True,gen_img,1,1.0,True,True
Q138,A02,figure,77,figure,True,True,qimg,1,1.0,True,True
Q138,A02,figure,77,figure,True,True,code_img_h,1,1.0,True,True
Q138,A02,figure,77,figure,True,True,gen_img_h,1,1.0,True,True
Q138,A02,figure,77,figure,True,True,oracle,1,1.0,True,True
Q138,A02,figure,77,figure,True,True,fuse_code,1,1.0,True,True
Q138,A02,figure,77,figure,True,True,fuse_gen,1,1.0,True,True
Q138,A02,figure,77,figure,True,True,fuse_spec_text,1,1.0,True,True
Q138,A02,figure,77,figure,True,True,fuse_code_h,1,1.0,True,True
Q138,A02,figure,77,figure,True,True,fuse_gen_h,1,1.0,True,True
Q139,,chart,21,chart,True,False,q_text,1,1.0,True,True
Q139,,chart,21,chart,True,False,spec_text,1,1.0,True,True
Q139,,chart,21,chart,True,False,code_img,1,1.0,True,True
Q139,,chart,21,chart,True,False,gen_img,1,1.0,True,True
Q139,,chart,21,chart,True,False,qimg,1,1.0,True,True
Q139,,chart,21,chart,True,False,fuse_code,1,1.0,True,True
Q139,,chart,21,chart,True,False,fuse_gen,1,1.0,True,True
Q139,,chart,21,chart,True,False,fuse_spec_text,1,1.0,True,True
Q140,,table,32,table,True,False,q_text,1,1.0,True,True
Q140,,table,32,table,True,False,spec_text,1,1.0,True,True
Q140,,table,32,table,True,False,code_img,1,1.0,True,True
Q140,,table,32,table,True,False,gen_img,1,1.0,True,True
Q140,,table,32,table,True,False,qimg,1,1.0,True,True
Q140,,table,32,table,True,False,fuse_code,1,1.0,True,True
Q140,,table,32,table,True,False,fuse_gen,1,1.0,True,True
Q140,,table,32,table,True,False,fuse_spec_text,1,1.0,True,True
Q141,,table,44,table,True,False,q_text,1,1.0,True,True
Q141,,table,44,table,True,False,spec_text,1,1.0,True,True
Q141,,table,44,table,True,False,code_img,1,1.0,True,True
Q141,,table,44,table,True,False,gen_img,1,1.0,True,True
Q141,,table,44,table,True,False,qimg,1,1.0,True,True
Q141,,table,44,table,True,False,fuse_code,1,1.0,True,True
Q141,,table,44,table,True,False,fuse_gen,1,1.0,True,True
Q141,,table,44,table,True,False,fuse_spec_text,1,1.0,True,True
Q142,,table,75,table,True,False,q_text,2,0.5,False,True
Q142,,table,75,table,True,False,spec_text,1,1.0,True,True
Q142,,table,75,table,True,False,code_img,1,1.0,True,True
Q142,,table,75,table,True,False,gen_img,1,1.0,True,True
Q142,,table,75,table,True,False,qimg,2,0.5,False,True
Q142,,table,75,table,True,False,fuse_code,2,0.5,False,True
Q142,,table,75,table,True,False,fuse_gen,2,0.5,False,True
Q142,,table,75,table,True,False,fuse_spec_text,2,0.5,False,True
Q143,P2,table,36,table,True,False,q_text,7,0.14285714285714285,False,False
Q143,P2,table,36,table,True,False,spec_text,1,1.0,True,True
Q143,P2,table,36,table,True,False,code_img,1,1.0,True,True
Q143,P2,table,36,table,True,False,gen_img,1,1.0,True,True
Q143,P2,table,36,table,True,False,qimg,4,0.25,False,True
Q143,P2,table,36,table,True,False,fuse_code,1,1.0,True,True
Q143,P2,table,36,table,True,False,fuse_gen,1,1.0,True,True
Q143,P2,table,36,table,True,False,fuse_spec_text,2,0.5,False,True
Q144,,chart,20,chart,True,False,q_text,8,0.125,False,False
Q144,,chart,20,chart,True,False,spec_text,11,0.09090909090909091,False,False
Q144,,chart,20,chart,True,False,code_img,5,0.2,False,True
Q144,,chart,20,chart,True,False,gen_img,4,0.25,False,True
Q144,,chart,20,chart,True,False,qimg,9,0.1111111111111111,False,False
Q144,,chart,20,chart,True,False,fuse_code,7,0.14285714285714285,False,False
Q144,,chart,20,chart,True,False,fuse_gen,7,0.14285714285714285,False,False
Q144,,chart,20,chart,True,False,fuse_spec_text,9,0.1111111111111111,False,False
