annotator,item_id,doc_id,gold_type,gold_page,question,inventory_source,step1_done,step1_t,step2_done,step2_t,step3_done,step3_t,step1_type,step1_render,step1_correct,step2_type,step2_render,step2_correct,cues,confidence,changed,subtype_match,label_ok,bbox,no_clear_region,notes,step1_spec,step2_spec
André,A01,0e94b4197b10096b1f4c699701570fbf.pdf,chart,10,What range does red color represents in approximate distance from the Mississippi River in the chart that tracks the West NIle Virus in Europe?,vlm,True,84.582,True,15.063,True,19.19,figure,True,False,figure,True,False,"""range""",3,False,not applicable,yes,"[0.569, 0.562, 0.7449, 0.8116]",False,,"{""element"": ""figure"", ""subtype"": """", ""title"": """", ""x_label"": """", ""y_label"": """", ""categories"": [], ""series"": [], ""values"": """", ""style"": """", ""caption"": """", ""columns"": [], ""rows"": [], ""heading"": """", ""passage"": """", ""description"": ""i expect some bottom right label with different values and colors associated.""}","{""element"": ""figure"", ""subtype"": """", ""title"": """", ""x_label"": """", ""y_label"": """", ""categories"": [], ""series"": [], ""values"": """", ""style"": """", ""caption"": """", ""columns"": [], ""rows"": [], ""heading"": """", ""passage"": """", ""description"": ""i expect some bottom right label with different values and colors associated.""}"
André,A02,bariumswallowpresentation-090810084400-phpapp01_95.pdf,figure,77,"What position is the man with the red shirt in the figure on the last page, directly answer 'bottom', 'middle' or 'top'?",vlm,True,54.599,True,9.816,True,60.765,figure,True,True,figure,True,True,man with the red shirt in the figure,5,False,yes,yes,"[0.3887, 0.5955, 0.5917, 0.9888]",False,,"{""element"": ""figure"", ""subtype"": """", ""title"": """", ""x_label"": """", ""y_label"": """", ""categories"": [], ""series"": [], ""values"": """", ""style"": """", ""caption"": """", ""columns"": [], ""rows"": [], ""heading"": """", ""passage"": """", ""description"": ""I imagine a photo where there is at least a man with a red shirt.""}","{""element"": ""figure"", ""subtype"": """", ""title"": """", ""x_label"": """", ""y_label"": """", ""categories"": [], ""series"": [], ""values"": """", ""style"": """", ""caption"": """", ""columns"": [], ""rows"": [], ""heading"": """", ""passage"": """", ""description"": ""I imagine a photo where there is at least a man with a red shirt.""}"
André,A03,SAO-StudentSupport_Guidebook-Content.pdf,table,19,What is thed dental telephone number for fullerton healthcare at NTU?,vlm,True,478.411,True,9.331,True,32.738,text,True,False,text,True,False,telephone number implies text.,4,False,partly,yes,"[0.0716, 0.7257, 0.4801, 0.8031]",False,,"{""element"": ""text"", ""subtype"": """", ""title"": """", ""x_label"": """", ""y_label"": """", ""categories"": [], ""series"": [], ""values"": """", ""style"": """", ""caption"": """", ""columns"": [], ""rows"": [], ""heading"": """", ""passage"": ""i'm imagining some panphlet with information about contact."", ""description"": """"}","{""element"": ""text"", ""subtype"": """", ""title"": """", ""x_label"": """", ""y_label"": """", ""categories"": [], ""series"": [], ""values"": """", ""style"": """", ""caption"": """", ""columns"": [], ""rows"": [], ""heading"": """", ""passage"": ""i'm imagining some panphlet with information about contact."", ""description"": """"}"
André,A04,2405.09818v1.pdf,table,8,Does llama-1 apply qknorm? Directly answer 'yse' or 'no',vlm,True,50.079,True,4.715,True,72.303,figure,True,False,figure,True,False,seems too specific question to be answered by pure text.,5,False,no,yes,"[0.1062, 0.121, 0.8948, 0.2956]",False,"I thought it would be a diagram but I guess table makes more sense since it's a ""no, it doesn't have Qknorm"".","{""element"": ""figure"", ""subtype"": """", ""title"": """", ""x_label"": """", ""y_label"": """", ""categories"": [], ""series"": [], ""values"": """", ""style"": """", ""caption"": """", ""columns"": [], ""rows"": [], ""heading"": """", ""passage"": """", ""description"": ""I'm imagining an architectural diagram""}","{""element"": ""figure"", ""subtype"": """", ""title"": """", ""x_label"": """", ""y_label"": """", ""categories"": [], ""series"": [], ""values"": """", ""style"": """", ""caption"": """", ""columns"": [], ""rows"": [], ""heading"": """", ""passage"": """", ""description"": ""I'm imagining an architectural diagram""}"
André,A05,GPL-Graduate-Studies-Professional-Learning-Brochure-Jul-2021.pdf,figure,16,"In the figure at Page at the second last, howm many people are standing? ",vlm,True,76.995,True,3.598,True,15.233,figure,True,True,figure,True,True,"""in the figure""",5,False,yes,yes,"[0.0055, 0.3623, 0.9609, 0.9639]",False,,"{""element"": ""figure"", ""subtype"": """", ""title"": """", ""x_label"": """", ""y_label"": """", ""categories"": [], ""series"": [], ""values"": """", ""style"": """", ""caption"": """", ""columns"": [], ""rows"": [], ""heading"": """", ""passage"": """", ""description"": ""I imagine a photo with many people, some seated, some standing.""}","{""element"": ""figure"", ""subtype"": """", ""title"": """", ""x_label"": """", ""y_label"": """", ""categories"": [], ""series"": [], ""values"": """", ""style"": """", ""caption"": """", ""columns"": [], ""rows"": [], ""heading"": """", ""passage"": """", ""description"": ""I imagine a photo with many people, some seated, some standing.""}"
André,A06,PG_2020.03.09_US-Germany_FINAL.pdf,chart,16,"According to this report,  what percentage of Germany respondent view China or Japan as the top economic power? Give me a percantage value.",vlm,True,330.45,True,80.021,True,29.631,chart,True,True,chart,True,True,"""percentage of germany""",3,True,yes,yes,"[0.097, 0.2501, 0.8867, 0.5153]",False,,"{""element"": ""chart"", ""subtype"": ""pie or donut"", ""title"": ""Countries who view China or Japan as the Top Economic Power"", ""x_label"": """", ""y_label"": """", ""categories"": [], ""series"": [], ""values"": """", ""style"": """", ""caption"": """", ""columns"": [], ""rows"": [], ""heading"": """", ""passage"": """", ""description"": """"}","{""element"": ""chart"", ""subtype"": ""bar"", ""title"": ""Countries who view China or Japan as the Top Economic Power"", ""x_label"": """", ""y_label"": """", ""categories"": [], ""series"": [], ""values"": """", ""style"": """", ""caption"": """", ""columns"": [], ""rows"": [], ""heading"": """", ""passage"": """", ""description"": """"}"
André,A07,0e94b4197b10096b1f4c699701570fbf.pdf,chart,14,According to the chart on page 14 how much time was spent with family and friends in 2010?,vlm,True,72.059,True,148.284,True,24.638,chart,True,True,chart,True,True,"""2010"" date",4,False,partly,yes,"[0.4322, 0.1827, 0.7855, 0.8261]",False,,"{""element"": ""chart"", ""subtype"": ""line"", ""title"": ""time spend with family and friends over the years"", ""x_label"": ""years"", ""y_label"": ""time"", ""categories"": [], ""series"": [], ""values"": """", ""style"": """", ""caption"": """", ""columns"": [], ""rows"": [], ""heading"": """", ""passage"": """", ""description"": """"}","{""element"": ""chart"", ""subtype"": ""line"", ""title"": ""time spend with family and friends over the years"", ""x_label"": ""years"", ""y_label"": ""time"", ""categories"": [], ""series"": [], ""values"": """", ""style"": """", ""caption"": """", ""columns"": [], ""rows"": [], ""heading"": """", ""passage"": """", ""description"": """"}"
André,A08,f8d3a162ab9507e021d83dd109118b60.pdf,text,7,What is the title of case study given under unit-8 in table?,vlm,True,34.666,True,5.949,True,51.697,table,True,False,table,True,False,"""unit-8 in table""",5,False,no,unsure,"[0.0428, 0.1684, 0.9341, 0.2996]",False,,"{""element"": ""table"", ""subtype"": """", ""title"": """", ""x_label"": """", ""y_label"": """", ""categories"": [], ""series"": [], ""values"": """", ""style"": """", ""caption"": ""<fake case study name>"", ""columns"": [], ""rows"": [], ""heading"": """", ""passage"": """", ""description"": """"}","{""element"": ""table"", ""subtype"": """", ""title"": """", ""x_label"": """", ""y_label"": """", ""categories"": [], ""series"": [], ""values"": """", ""style"": """", ""caption"": ""<fake case study name>"", ""columns"": [], ""rows"": [], ""heading"": """", ""passage"": """", ""description"": """"}"
André,A09,nielsen2015musicbizpresentation-final-150526143534-lva1-app6891_95.pdf,figure,6,What kind of albums are reducing the share of their business due to streaming?,vlm,True,71.529,True,12.732,True,33.731,chart,True,False,chart,True,False,sales over time,3,False,partly,no,"[0.1094, 0.0212, 0.8412, 0.863]",False,,"{""element"": ""chart"", ""subtype"": ""line"", ""title"": ""sales over time, with multiple lines"", ""x_label"": """", ""y_label"": """", ""categories"": [], ""series"": [], ""values"": """", ""style"": """", ""caption"": """", ""columns"": [], ""rows"": [], ""heading"": """", ""passage"": """", ""description"": """"}","{""element"": ""chart"", ""subtype"": ""line"", ""title"": ""sales over time, with multiple lines"", ""x_label"": """", ""y_label"": """", ""categories"": [], ""series"": [], ""values"": """", ""style"": """", ""caption"": """", ""columns"": [], ""rows"": [], ""heading"": """", ""passage"": """", ""description"": """"}"
André,A10,PI_2018.11.19_algorithms_FINAL.pdf,chart,22,"Among all the emotions that social media makes users feel, what was the 4th most popular emotion?",vlm,True,45.7,True,8.249,True,15.199,chart,True,True,chart,True,True,"""4th most popular emotion""",4,False,yes,yes,"[0.3693, 0.1241, 0.8822, 0.4579]",False,,"{""element"": ""chart"", ""subtype"": ""bar"", ""title"": ""Social media emotions on users"", ""x_label"": """", ""y_label"": """", ""categories"": [], ""series"": [], ""values"": """", ""style"": """", ""caption"": """", ""columns"": [], ""rows"": [], ""heading"": """", ""passage"": """", ""description"": """"}","{""element"": ""chart"", ""subtype"": ""bar"", ""title"": ""Social media emotions on users"", ""x_label"": """", ""y_label"": """", ""categories"": [], ""series"": [], ""values"": """", ""style"": """", ""caption"": """", ""columns"": [], ""rows"": [], ""heading"": """", ""passage"": """", ""description"": """"}"
André,A11,2306.05425v1.pdf,table,16,How many languages are shown in the in-context examples for multi-lingual translation query?,vlm,True,77.168,True,7.216,True,752.054,figure,True,False,figure,True,False,"""in-context examples for multi-lingual query"" looks like a diagram type of style text.",4,False,no,yes,"[0.151, 0.1544, 0.884, 0.8196]",False,,"{""element"": ""figure"", ""subtype"": """", ""title"": """", ""x_label"": """", ""y_label"": """", ""categories"": [], ""series"": [], ""values"": """", ""style"": """", ""caption"": """", ""columns"": [], ""rows"": [], ""heading"": """", ""passage"": """", ""description"": ""An image, probably some diagram about multi-lingual translation with a couple examples""}","{""element"": ""figure"", ""subtype"": """", ""title"": """", ""x_label"": """", ""y_label"": """", ""categories"": [], ""series"": [], ""values"": """", ""style"": """", ""caption"": """", ""columns"": [], ""rows"": [], ""heading"": """", ""passage"": """", ""description"": ""An image, probably some diagram about multi-lingual translation with a couple examples""}"
André,A12,NETFLIX_2015_10K.pdf,table,43,What is Netflix working capital in FY2015?Answer in thousands.,vlm,True,5535.679,True,38.108,True,18.665,chart,True,False,table,True,True,the date leads me to believe this could be a line chart,3,True,yes,yes,"[0.0159, 0.0443, 0.9839, 0.7306]",False,,"{""element"": ""chart"", ""subtype"": ""line"", ""title"": ""Netflix Working Capital over the Years"", ""x_label"": """", ""y_label"": """", ""categories"": [], ""series"": [], ""values"": """", ""style"": """", ""caption"": """", ""columns"": [], ""rows"": [], ""heading"": """", ""passage"": """", ""description"": """"}","{""element"": ""table"", ""subtype"": """", ""title"": """", ""x_label"": """", ""y_label"": """", ""categories"": [], ""series"": [], ""values"": """", ""style"": """", ""caption"": ""Netflix Working Capital over the Years"", ""columns"": [], ""rows"": [], ""heading"": """", ""passage"": """", ""description"": """"}"
André,A13,8dfc21ec151fb9d3578fc32d5c4e5df9.pdf,figure,17,"On the left or right side of the screen, can you immediately find information about the percentage of the total available students represented by your chosen search criteria? Answer 'left' or 'right'.",vlm,True,82.199,True,11.866,True,44.406,text,True,False,text,True,False,seems like a percentage that could be hardcoded in the picture.,3,False,no,unsure,,True,,"{""element"": ""text"", ""subtype"": """", ""title"": """", ""x_label"": """", ""y_label"": """", ""categories"": [], ""series"": [], ""values"": """", ""style"": """", ""caption"": """", ""columns"": [], ""rows"": [], ""heading"": """", ""passage"": ""i expect to see that information as text within an image"", ""description"": """"}","{""element"": ""text"", ""subtype"": """", ""title"": """", ""x_label"": """", ""y_label"": """", ""categories"": [], ""series"": [], ""values"": """", ""style"": """", ""caption"": """", ""columns"": [], ""rows"": [], ""heading"": """", ""passage"": ""i expect to see that information as text within an image"", ""description"": """"}"
André,A14,germanwingsdigitalcrisisanalysis-150403064828-conversion-gate01_95.pdf,chart,19,"When did the number of tweets referencing Germanwings exceed 200,000? Your report time should be in CET time, like '17:05 CET'.",vlm,True,69.857,True,8.818,True,16.772,chart,True,True,chart,True,True,seems like a time based quantity so line is appropriate,4,False,yes,yes,"[0.0348, 0.018, 0.9996, 0.993]",False,,"{""element"": ""chart"", ""subtype"": ""line"", ""title"": ""Tweets referencing Germanwings"", ""x_label"": """", ""y_label"": """", ""categories"": [], ""series"": [], ""values"": """", ""style"": """", ""caption"": """", ""columns"": [], ""rows"": [], ""heading"": """", ""passage"": """", ""description"": """"}","{""element"": ""chart"", ""subtype"": ""line"", ""title"": ""Tweets referencing Germanwings"", ""x_label"": """", ""y_label"": """", ""categories"": [], ""series"": [], ""values"": """", ""style"": """", ""caption"": """", ""columns"": [], ""rows"": [], ""heading"": """", ""passage"": """", ""description"": """"}"
André,A15,afe620b9beac86c1027b96d31d396407.pdf,text,15,Where are the two plants of GODFREY PHILLIPS INDIA LIMITED located?,vlm,True,89.101,True,13.667,True,44.732,text,False,True,text,False,True,"""location"" is a bit unusual to specify like in a plot, or in a table",3,False,yes,yes,"[0.1145, 0.1601, 0.9559, 0.2727]",False,,"{""element"": ""text"", ""subtype"": """", ""title"": """", ""x_label"": """", ""y_label"": """", ""categories"": [], ""series"": [], ""values"": """", ""style"": """", ""caption"": """", ""columns"": [], ""rows"": [], ""heading"": """", ""passage"": ""This seems like a question you would see by pure text on a pamphet."", ""description"": """"}","{""element"": ""text"", ""subtype"": """", ""title"": """", ""x_label"": """", ""y_label"": """", ""categories"": [], ""series"": [], ""values"": """", ""style"": """", ""caption"": """", ""columns"": [], ""rows"": [], ""heading"": """", ""passage"": ""This seems like a question you would see by pure text on a pamphet."", ""description"": """"}"
André,A16,germanwingsdigitalcrisisanalysis-150403064828-conversion-gate01_95.pdf,table,16,"How many Tweets are attributed to Germanwings, Lufthansa, and Airbus in total?",vlm,True,45.895,True,6.371,True,21.04,table,True,True,table,True,True,total number of a quantity can be table or plot,3,False,yes,yes,"[0.5226, 0.2277, 0.9615, 0.4514]",False,,"{""element"": ""table"", ""subtype"": """", ""title"": """", ""x_label"": """", ""y_label"": """", ""categories"": [], ""series"": [], ""values"": """", ""style"": """", ""caption"": ""number of tweets by airline"", ""columns"": [], ""rows"": [], ""heading"": """", ""passage"": """", ""description"": """"}","{""element"": ""table"", ""subtype"": """", ""title"": """", ""x_label"": """", ""y_label"": """", ""categories"": [], ""series"": [], ""values"": """", ""style"": """", ""caption"": ""number of tweets by airline"", ""columns"": [], ""rows"": [], ""heading"": """", ""passage"": """", ""description"": """"}"
André,A17,05-03-18-political-release.pdf,chart,5,"According to the survey on April 25 - May 1, 2018, what are the domains with the highest percentage that adults are very confident and not at all confident of Donald Trump's govenment? Please write the answer in the list format and with alphabetical order, e.g., [""A"",""B""]",vlm,True,73.799,True,4.69,True,17.908,table,True,False,table,True,False,Seems like too complex data for plot.,3,False,no,yes,"[0.3705, 0.2382, 0.8988, 0.6926]",False,,"{""element"": ""table"", ""subtype"": """", ""title"": """", ""x_label"": """", ""y_label"": """", ""categories"": [], ""series"": [], ""values"": """", ""style"": """", ""caption"": ""percentage of adults confident on certain Donal Trump's measures"", ""columns"": [], ""rows"": [], ""heading"": """", ""passage"": """", ""description"": """"}","{""element"": ""table"", ""subtype"": """", ""title"": """", ""x_label"": """", ""y_label"": """", ""categories"": [], ""series"": [], ""values"": """", ""style"": """", ""caption"": ""percentage of adults confident on certain Donal Trump's measures"", ""columns"": [], ""rows"": [], ""heading"": """", ""passage"": """", ""description"": """"}"
André,A18,finalmediafindingspdf-141228031149-conversion-gate02_95.pdf,table,9,How many districts were sampled during Wave III?,vlm,True,58.132,True,6.199,True,12.73,chart,True,False,chart,True,False,quantities over a set of attributes that doesn't seem to be very broad.,4,False,no,yes,"[0.3322, 0.2868, 0.9604, 0.5833]",False,,"{""element"": ""chart"", ""subtype"": ""bar"", ""title"": ""Number of Sample Districts per Wave"", ""x_label"": """", ""y_label"": """", ""categories"": [], ""series"": [], ""values"": """", ""style"": """", ""caption"": """", ""columns"": [], ""rows"": [], ""heading"": """", ""passage"": """", ""description"": """"}","{""element"": ""chart"", ""subtype"": ""bar"", ""title"": ""Number of Sample Districts per Wave"", ""x_label"": """", ""y_label"": """", ""categories"": [], ""series"": [], ""values"": """", ""style"": """", ""caption"": """", ""columns"": [], ""rows"": [], ""heading"": """", ""passage"": """", ""description"": """"}"
André,A24,a5879805d70c854ea4361e43a84e3bb2.pdf,text,1,What type of court is noted on the cover page?,vlm,True,48.857,True,36.387,True,21.34,figure,True,False,text,True,True,"""cover page"" seems more like ""this is an image""",4,True,yes,yes,"[0.568, 0.0549, 0.8348, 0.1054]",False,,"{""element"": ""figure"", ""subtype"": """", ""title"": """", ""x_label"": """", ""y_label"": """", ""categories"": [], ""series"": [], ""values"": """", ""style"": """", ""caption"": """", ""columns"": [], ""rows"": [], ""heading"": """", ""passage"": """", ""description"": ""I expect a court image showing the type of court, like \""supreme justice court\""""}","{""element"": ""text"", ""subtype"": """", ""title"": """", ""x_label"": """", ""y_label"": """", ""categories"": [], ""series"": [], ""values"": """", ""style"": """", ""caption"": """", ""columns"": [], ""rows"": [], ""heading"": """", ""passage"": ""Maybe this is just a text within an image"", ""description"": """"}"
André,A28,f1f5242528411b262be447e61e2eb10f.pdf,text,1,What is the web link to this paper?,vlm,True,104.907,True,5.124,True,21.765,text,False,True,text,False,True,seems a too textual question,4,False,yes,yes,"[0.0721, 0.923, 0.3348, 0.9403]",False,,"{""element"": ""text"", ""subtype"": """", ""title"": """", ""x_label"": """", ""y_label"": """", ""categories"": [], ""series"": [], ""values"": """", ""style"": """", ""caption"": """", ""columns"": [], ""rows"": [], ""heading"": """", ""passage"": ""I expect to see some arxiv link or similar on a paper section or subsection"", ""description"": """"}","{""element"": ""text"", ""subtype"": """", ""title"": """", ""x_label"": """", ""y_label"": """", ""categories"": [], ""series"": [], ""values"": """", ""style"": """", ""caption"": """", ""columns"": [], ""rows"": [], ""heading"": """", ""passage"": ""I expect to see some arxiv link or similar on a paper section or subsection"", ""description"": """"}"
