item_id,practice,qid,doc_id,doc_type,n_pages,question,answer,answer_format,gold_page,gold_source,gold_type,evidence_pages,evidence_sources
P1,True,876,2307.09288v2.pdf,Academic paper,77,list the top-3 models in Figure 3,"['Vicuna13b-v1.3', 'PaLM Bison', 'Vicuna13b-v1.1']",List,4,Chart,chart,[4],['Chart']
P2,True,456,STEPBACK.pdf,Academic paper,36,How much higher is the accuracy of PaLM-2L + RAG compared to PaLM-2L on TimeQA?,15.9%,Float,6,Table,table,[6],['Table']
P3,True,933,c31e6580d0175ab3f9d99d1ff0bfa000.pdf,Tutorial/Workshop,20,who is the presenter of this slide?,David Lubliner,Str,1,Pure-text (Plain-text),text,[1],['Pure-text (Plain-text)']
A01,False,15,0e94b4197b10096b1f4c699701570fbf.pdf,Tutorial/Workshop,15,What range does red color represents in approximate distance from the Mississippi River in the chart that tracks the West NIle Virus in Europe?,0-375 miles,Str,10,Chart,chart,[10],['Chart']
A02,False,616,bariumswallowpresentation-090810084400-phpapp01_95.pdf,Tutorial/Workshop,77,"What position is the man with the red shirt in the figure on the last page, directly answer 'bottom', 'middle' or 'top'?",bottom,Str,77,Figure,figure,[77],['Figure']
A03,False,989,SAO-StudentSupport_Guidebook-Content.pdf,Guidebook,44,What is thed dental telephone number for fullerton healthcare at NTU?,(65) 6790 8331,Str,19,Table,table,[19],['Table']
A04,False,776,2405.09818v1.pdf,Academic paper,27,Does llama-1 apply qknorm? Directly answer 'yse' or 'no',no,Str,8,Table,table,[8],['Table']
A05,False,333,GPL-Graduate-Studies-Professional-Learning-Brochure-Jul-2021.pdf,Brochure,17,"In the figure at Page at the second last, howm many people are standing? ",1,Int,16,Figure,figure,[16],['Figure']
A06,False,123,PG_2020.03.09_US-Germany_FINAL.pdf,Research report / Introduction,21,"According to this report,  what percentage of Germany respondent view China or Japan as the top economic power? Give me a percantage value.",59%,Float,16,Chart,chart,[16],['Chart']
A07,False,14,0e94b4197b10096b1f4c699701570fbf.pdf,Tutorial/Workshop,15,According to the chart on page 14 how much time was spent with family and friends in 2010?,21%,Float,14,Chart,chart,[14],['Chart']
A08,False,833,f8d3a162ab9507e021d83dd109118b60.pdf,Administration/Industry file,17,What is the title of case study given under unit-8 in table?,Discrimination in the Workplace Continues,Str,7,Pure-text (Plain-text),text,[7],['Pure-text (Plain-text)']
A09,False,840,nielsen2015musicbizpresentation-final-150526143534-lva1-app6891_95.pdf,Research report / Introduction,36,What kind of albums are reducing the share of their business due to streaming?,"['Physical albums', 'Digital albums', 'Digital tracks']",List,6,Figure,figure,[6],['Figure']
A10,False,814,PI_2018.11.19_algorithms_FINAL.pdf,Research report / Introduction,30,"Among all the emotions that social media makes users feel, what was the 4th most popular emotion?",Inspired,Str,22,Chart,chart,[22],['Chart']
A11,False,759,2306.05425v1.pdf,Academic paper,22,How many languages are shown in the in-context examples for multi-lingual translation query?,8,Int,16,Table,table,[16],['Table']
A12,False,1030,NETFLIX_2015_10K.pdf,Financial report,72,What is Netflix working capital in FY2015?Answer in thousands.,1902216.00,Float,43,Table,table,[43],['Table']
A13,False,518,8dfc21ec151fb9d3578fc32d5c4e5df9.pdf,Guidebook,18,"On the left or right side of the screen, can you immediately find information about the percentage of the total available students represented by your chosen search criteria? Answer 'left' or 'right'.",Right,Str,17,Figure,figure,[17],['Figure']
A14,False,733,germanwingsdigitalcrisisanalysis-150403064828-conversion-gate01_95.pdf,Research report / Introduction,23,"When did the number of tweets referencing Germanwings exceed 200,000? Your report time should be in CET time, like '17:05 CET'.",14:04 CET,Int,19,Chart,chart,[19],['Chart']
A15,False,368,afe620b9beac86c1027b96d31d396407.pdf,Financial report,20,Where are the two plants of GODFREY PHILLIPS INDIA LIMITED located?,"['V.K.K. MENON ROAD (SAHAR ROAD),CHAKALA,ANDHERI (EAST),MUMBAI-400099', 'International Tobacco Company Ltd. Delhi- Meerut Road, Guldhar, Ghaziabad']",List,15,Pure-text (Plain-text),text,[15],['Pure-text (Plain-text)']
A16,False,729,germanwingsdigitalcrisisanalysis-150403064828-conversion-gate01_95.pdf,Research report / Introduction,23,"How many Tweets are attributed to Germanwings, Lufthansa, and Airbus in total?",41,Int,16,Table,table,[16],['Table']
A17,False,208,05-03-18-political-release.pdf,Research report / Introduction,17,"According to the survey on April 25 - May 1, 2018, what are the domains with the highest percentage that adults are very confident and not at all confident of Donald Trump's govenment? Please write the answer in the list format and with alphabetical order, e.g., [""A"",""B""]","['Make good decisions about economic policy ', 'Make wise decisions about immigration policy ']",List,5,Chart,chart,[5],['Chart']
A18,False,161,finalmediafindingspdf-141228031149-conversion-gate02_95.pdf,Research report / Introduction,44,How many districts were sampled during Wave III?,44,Int,9,Table,table,[9],['Table']
A19,False,946,f86d073b0d735ac873a65d906ba82758.pdf,Financial report,20,"What is the sum ratio of shares held of the top-3 shareholders as on 31st, March, 2007?",51.02%,Float,9,Table,table,[9],['Table']
A20,False,147,edb88a99670417f64a6b719646aed326.pdf,Administration/Industry file,20,"How many ""Redacted"" signals in Page 0286 in all?",8,Int,17,Figure,figure,[17],['Figure']
A21,False,5,PH_2016.06.08_Economy-Final.pdf,Research report / Introduction,23,"According to this report, among the Hispanics shaped by four current personal financial situation, which situation involves the highest percentage that expects their future financial situation to get a lot worse?",Poor Financial Condition,Str,16,Chart,chart,[16],['Chart']
A22,False,70,2401.18059v1.pdf,Academic paper,23,What are the horizontal and vertical axis of Figure 3 respectively?,"['Context Length', 'F1']",List,6,Chart,chart,[6],['Chart']
A23,False,436,SnapNTell.pdf,Academic paper,20,"Compared to ViQuAE, how many more QA pairs does SnapNtell have?",71980,Int,5,Table,table,[5],['Table']
A24,False,587,a5879805d70c854ea4361e43a84e3bb2.pdf,Administration/Industry file,15,What type of court is noted on the cover page?,SUPERIOR COURT,Str,1,Pure-text (Plain-text),text,[1],['Pure-text (Plain-text)']
A25,False,856,bigdatatrends-120723191058-phpapp02_95.pdf,Tutorial/Workshop,53,What three tabs can be seen on Garmin Connect's interface in the image?,"['Home', 'Features', 'Get Started']",List,5,Figure,figure,[5],['Figure']
A26,False,54,reportq32015-151009093138-lva1-app6891_95.pdf,Research report / Introduction,34,"In 2014, which one has more mobile apps globally, Apple App store or Google Play store? How many Apps does it have in million?","['Google Play store', '1.3']",List,10,Chart,chart,[10],['Chart']
A27,False,389,e79deb02a0c0e87511080836c5d4347b.pdf,Administration/Industry file,17,How many people are there in the images on the cover?,12,Int,1,Figure,figure,[1],['Figure']
A28,False,712,f1f5242528411b262be447e61e2eb10f.pdf,Academic paper,20,What is the web link to this paper?,http://dx.doi.org/10.1016/j.ejmhg.2015.07.002,Str,1,Pure-text (Plain-text),text,[1],['Pure-text (Plain-text)']
A29,False,943,f86d073b0d735ac873a65d906ba82758.pdf,Financial report,20,"What percentage of the shareholder was held by foreign companies and institutional investors as of March 31, 2007?",44.96%,Float,9,Table,table,[9],['Table']
A30,False,350,PP_2019.01.17_Trump-economy_FINAL2.pdf,Research report / Introduction,28,"Compared to Trump in January 2019, what higher percentage of Republicans believed that Clinton in February 1995 would be an unsuccessful president in the long run?",45%,Float,15,Chart,chart,[15],['Chart']
A31,False,410,chapter8-geneticscompatibilitymode-141214140247-conversion-gate02_95.pdf,Tutorial/Workshop,78,What is the genotype corresponding to attached earlobes?,ff,Str,39,Figure,figure,[39],['Figure']
A32,False,370,afe620b9beac86c1027b96d31d396407.pdf,Financial report,20,Which executive directors have attended Board Meetings more than 6 times?,Mr. S.V. Shanbhag,Str,9,Table,table,[9],['Table']
A33,False,238,698bba535087fa9a7f9009e172a7f763.pdf,Research report / Introduction,20,What is the Email address in this document on the second cover page?,['combshj@unk.edu'],Str,3,Pure-text (Plain-text),text,[3],['Pure-text (Plain-text)']
A34,False,1070,BESTBUY_2023_10K.pdf,Financial report,75,"what is the change of  Best Buy's gross margins change from FY2022 to FY2021? Answer in percentage terms, round to 2 decimal places.",1.08%,Float,40,Table,table,[40],['Table']
A35,False,497,Pew-Research-Center_Hispanic-Identity-Report_12.20.2017.pdf,Research report / Introduction,32,What's the average value of all orange bars in the chart about the percentage of U.S. adults with Hispanic ancestry who self-identify as Hispanic or Non-Hispanic?,21,Int,5,Chart,chart,[5],['Chart']
A36,False,708,f1f5242528411b262be447e61e2eb10f.pdf,Academic paper,20,What does a point mutation of the codon TTT or thymine-thymine define?,phenylalanine,Str,7,Pure-text (Plain-text),text,[7],['Pure-text (Plain-text)']
A37,False,704,7c3f6204b3241f142f0f8eb8e1fefe7a.pdf,Administration/Industry file,15,Who is the defendant of this case?,DELAWARE STATE PUBLIC INTEGRITY COMMISSION.,Str,1,Pure-text (Plain-text),text,[1],['Pure-text (Plain-text)']
A38,False,63,2310.05634v2.pdf,Academic paper,24,"In figure 5, what is the color of the line that has no intersection with any other line?",red,Str,8,Chart,chart,[8],['Chart']
A39,False,836,f8d3a162ab9507e021d83dd109118b60.pdf,Administration/Industry file,17,what's the topic of UNIT 14?,Using Financial Information and Accounting,Str,10,Pure-text (Plain-text),text,[10],['Pure-text (Plain-text)']
A40,False,714,936c0e2c2e6c8e0c07c51bfaf7fd0a83.pdf,Administration/Industry file,15,WHAT IS THE LAST YEAR PRESENT IN THE TABULUAR COLUMN?,2008,Int,5,Table,table,[5],['Table']
