pid,qid,item_id,doc_id,gold_page,gold_type,question
Q001,876,P1,2307.09288v2.pdf,4,chart,list the top-3 models in Figure 3
Q002,161,A18,finalmediafindingspdf-141228031149-conversion-gate02_95.pdf,9,table,How many districts were sampled during Wave III?
Q003,704,A37,7c3f6204b3241f142f0f8eb8e1fefe7a.pdf,1,text,Who is the defendant of this case?
Q004,404,,chapter8-geneticscompatibilitymode-141214140247-conversion-gate02_95.pdf,1,figure,What animal is on the cover of each chapter?
Q005,819,,PI_2018.11.19_algorithms_FINAL.pdf,9,chart,"Among all interviewees in the survey, what percentage of people are 18-29 years old and think possible for computers to make decisions without human bias? "
Q006,943,A29,f86d073b0d735ac873a65d906ba82758.pdf,9,table,"What percentage of the shareholder was held by foreign companies and institutional investors as of March 31, 2007?"
Q007,509,,8dfc21ec151fb9d3578fc32d5c4e5df9.pdf,8,text,"How many geographic markers in Greater Houston, Texas?"
Q008,828,,c31e6580d0175ab3f9d99d1ff0bfa000.pdf,20,figure,How many slides include more than one figure? Here don't consider the charts.  
Q009,719,,936c0e2c2e6c8e0c07c51bfaf7fd0a83.pdf,14,text,Describe the significant changes of the Risk Management Plan since last year.
Q010,1070,A34,BESTBUY_2023_10K.pdf,40,table,"what is the change of  Best Buy's gross margins change from FY2022 to FY2021? Answer in percentage terms, round to 2 decimal places."
Q011,72,,2401.18059v1.pdf,2,figure,"In Figure 1's demonstration, what are the color of the nodes that appear in more than one clusters?"
Q012,6,,PH_2016.06.08_Economy-Final.pdf,11,chart,"According to this report, from 2014 to 2015, one group has the most significant drop of percentage of households claiming their income was falling behind cost of living.
Which group is this, and what is the percentage droped?"
Q013,331,,GPL-Graduate-Studies-Professional-Learning-Brochure-Jul-2021.pdf,10,figure,"How many dogs and cats are there in page 17? Please write the answer in list format, e.g., [""1"",""2""]"
Q014,347,,PP_2019.01.17_Trump-economy_FINAL2.pdf,9,chart,How many Republicans are not confident at all that Trump keeps his own business interests separate from the decisions he makes as president?
Q015,383,,e79deb02a0c0e87511080836c5d4347b.pdf,2,text,Who produced the document that was revised on May 2016?
Q016,933,P3,c31e6580d0175ab3f9d99d1ff0bfa000.pdf,1,text,who is the presenter of this slide?
Q017,1037,,NETFLIX_2015_10K.pdf,55,text,what method did netflix use to pay the dividend to shareholders in FY2015.
Q018,856,A25,bigdatatrends-120723191058-phpapp02_95.pdf,5,figure,What three tabs can be seen on Garmin Connect's interface in the image?
Q019,939,,f86d073b0d735ac873a65d906ba82758.pdf,13,table,What is total dividend of Erstwhile ITC Hotels Limited (in Rupee) between 1999 to 2000 year?
Q020,733,A14,germanwingsdigitalcrisisanalysis-150403064828-conversion-gate01_95.pdf,19,chart,"When did the number of tweets referencing Germanwings exceed 200,000? Your report time should be in CET time, like '17:05 CET'."
Q021,1039,,NETFLIX_2015_10K.pdf,19,table,"what percentage did Global streaming memberships increase from 2014 to 2015?Answer in percentage term, round to one decimal places."
Q022,818,,PI_2018.11.19_algorithms_FINAL.pdf,13,chart,"Among the US adults who think it's acceptable for companies to use automatic peronsal finance scores, what proportion of these people thinks because it would be effective? "
Q023,5,A21,PH_2016.06.08_Economy-Final.pdf,16,chart,"According to this report, among the Hispanics shaped by four current personal financial situation, which situation involves the highest percentage that expects their future financial situation to get a lot worse?"
Q024,53,,reportq32015-151009093138-lva1-app6891_95.pdf,9,chart,"Between Java and WP, how large is the difference in percentage of their global developers mindshare?"
Q025,1040,,NETFLIX_2015_10K.pdf,21,table,what profit  did Memberships contribute to in Domestic Streaming Segment in FY2015? Answer in thousands.
Q026,208,A17,05-03-18-political-release.pdf,5,chart,"According to the survey on April 25 - May 1, 2018, what are the domains with the highest percentage that adults are very confident and not at all confident of Donald Trump's govenment? Please write the answer in the list format and with alphabetical order, e.g., [""A"",""B""]"
Q027,148,,edb88a99670417f64a6b719646aed326.pdf,5,table,What is the zip code of the address to which the attached consumer complaint form send?
Q028,238,A33,698bba535087fa9a7f9009e172a7f763.pdf,3,text,What is the Email address in this document on the second cover page?
Q029,859,,bigdatatrends-120723191058-phpapp02_95.pdf,10,chart,How many all vendors have big data revenues over $250M?
Q030,840,A09,nielsen2015musicbizpresentation-final-150526143534-lva1-app6891_95.pdf,6,figure,What kind of albums are reducing the share of their business due to streaming?
Q031,368,A15,afe620b9beac86c1027b96d31d396407.pdf,15,text,Where are the two plants of GODFREY PHILLIPS INDIA LIMITED located?
Q032,16,,0e94b4197b10096b1f4c699701570fbf.pdf,11,text,How does this document define the law of good gestalt?
Q033,708,A36,f1f5242528411b262be447e61e2eb10f.pdf,7,text,What does a point mutation of the codon TTT or thymine-thymine define?
Q034,1082,,BESTBUY_2023_10K.pdf,39,table,what is total current assets in FY2023 for Bestbuy? Answer in million.
Q035,410,A31,chapter8-geneticscompatibilitymode-141214140247-conversion-gate02_95.pdf,39,figure,What is the genotype corresponding to attached earlobes?
Q036,239,,698bba535087fa9a7f9009e172a7f763.pdf,11,text,How many square miles did the Hamilton country covers on year 1882? Return me a rounded integer.
Q037,436,A23,SnapNTell.pdf,5,table,"Compared to ViQuAE, how many more QA pairs does SnapNtell have?"
Q038,166,,finalmediafindingspdf-141228031149-conversion-gate02_95.pdf,30,figure,"Among 4021 respondents,  what is the percentage of them having a smart phone?"
Q039,714,A40,936c0e2c2e6c8e0c07c51bfaf7fd0a83.pdf,5,table,WHAT IS THE LAST YEAR PRESENT IN THE TABULUAR COLUMN?
Q040,18,,0e94b4197b10096b1f4c699701570fbf.pdf,13,figure,Which continent has the most number of registered participant for advanced science course in CTBTO?
Q041,387,,e79deb02a0c0e87511080836c5d4347b.pdf,1,text,What is the name of the governor as mentioned on the first page of the document?
Q042,583,,a5879805d70c854ea4361e43a84e3bb2.pdf,14,text,Format the date mentioned on page 14 as YYYY-MM-DD.
Q043,52,,reportq32015-151009093138-lva1-app6891_95.pdf,7,chart,"Regarding the global iOS breakdown, what percentage of the pie chart was iOS 9?"
Q044,712,A28,f1f5242528411b262be447e61e2eb10f.pdf,1,text,What is the web link to this paper?
Q045,727,,germanwingsdigitalcrisisanalysis-150403064828-conversion-gate01_95.pdf,16,table,How many more Tweets are attributed to Germanwings than Lufthansa?
Q046,14,A07,0e94b4197b10096b1f4c699701570fbf.pdf,14,chart,According to the chart on page 14 how much time was spent with family and friends in 2010?
Q047,833,A08,f8d3a162ab9507e021d83dd109118b60.pdf,7,text,What is the title of case study given under unit-8 in table?
Q048,737,,germanwingsdigitalcrisisanalysis-150403064828-conversion-gate01_95.pdf,18,figure,How many blogs mentioned Germanwings?
Q049,19,,0e94b4197b10096b1f4c699701570fbf.pdf,8,figure,Which shapes does the slide use to illustrate the closure aspect of Gestalt Principle of Visual Perception?
Q050,1077,,BESTBUY_2023_10K.pdf,45,text,how does Best Buy record Merchandise inventories?
Q051,63,A38,2310.05634v2.pdf,8,chart,"In figure 5, what is the color of the line that has no intersection with any other line?"
Q052,147,A20,edb88a99670417f64a6b719646aed326.pdf,17,figure,"How many ""Redacted"" signals in Page 0286 in all?"
Q053,1076,,BESTBUY_2023_10K.pdf,44,table,"what is Cash and cash equivalents for Best Buy for the fiscal year ending January 28, 2023? Answer in million"
Q054,729,A16,germanwingsdigitalcrisisanalysis-150403064828-conversion-gate01_95.pdf,16,table,"How many Tweets are attributed to Germanwings, Lufthansa, and Airbus in total?"
Q055,1084,,BESTBUY_2023_10K.pdf,40,table,what is interest coverage ratio for AMCOR'FY 2020? round your answer to three decimal?
Q056,991,,SAO-StudentSupport_Guidebook-Content.pdf,33,layout,"At NTU, how many types of Field Sports can students participate in?"
Q057,501,,Pew-Research-Center_Hispanic-Identity-Report_12.20.2017.pdf,21,chart,"What's the averaged percentage of Latinos (Foreign born, Second generation, Third or higher generation) say all or most of their friends are Latinos?"
Q058,736,,germanwingsdigitalcrisisanalysis-150403064828-conversion-gate01_95.pdf,14,figure,In how many hours Airbus incorporated a pop-up notification acknowledging the incident?
Q059,823,,698bba535087fa9a7f9009e172a7f763.pdf,11,text,How many square miles does the Hamilton country covers according to the document? Give me an appropriate integer.
Q060,585,,a5879805d70c854ea4361e43a84e3bb2.pdf,14,text,What is INF SERCRL LLP FAX No on page fourteen?
Q061,500,,Pew-Research-Center_Hispanic-Identity-Report_12.20.2017.pdf,9,chart,What's the color of the Third of higher generation bar in the chart about Immigrant generations and U.S. Latinos?
Q062,2,,PH_2016.06.08_Economy-Final.pdf,14,chart,"From this report, which subgroup among Hispanics has gained most confidence from 2008 to 2015? "
Q063,1030,A12,NETFLIX_2015_10K.pdf,43,table,What is Netflix working capital in FY2015?Answer in thousands.
Q064,454,,STEPBACK.pdf,5,table,What score did PaLM-2L + Step-Back achieve in MMLU Physics?
Q065,163,,finalmediafindingspdf-141228031149-conversion-gate02_95.pdf,9,table,How many fieldwork personnel in all for Wave I and Wave II?
Q066,831,,f8d3a162ab9507e021d83dd109118b60.pdf,16,text,How to prepare for Tomorrow's Workplace Skills for QUARTER 3? 
Q067,1085,,BESTBUY_2023_10K.pdf,40,table,"What is effective tax ratio of Best Buy for for the fiscal year ending January 28, 2023?Answer in percentage term, round to one decimal places."
Q068,837,,nielsen2015musicbizpresentation-final-150526143534-lva1-app6891_95.pdf,4,figure,What is the difference of listening time in Avg. weekly hours between 2013 and 2014?
Q069,146,,edb88a99670417f64a6b719646aed326.pdf,15,text,When the complainant applied for return? Format your answer as YYYY-MM-DD.
Q070,987,,SAO-StudentSupport_Guidebook-Content.pdf,7,text,"Excepted for the public holidays, when is the counter closed on Tuesday according to the provided operating hours?"
Q071,1080,,BESTBUY_2023_10K.pdf,7,text,"what proportion does Best Buy have female employees in new, salaried field positions  for the fiscal year ending January 28, 2023?"
Q072,401,,chapter8-geneticscompatibilitymode-141214140247-conversion-gate02_95.pdf,5,figure,How many steps are involved in the binary fission of prokaryotic cells?
Q073,237,,698bba535087fa9a7f9009e172a7f763.pdf,3,layout,What date is mentioned on the second page? Format the date as YYYY-MM
Q074,1086,,BESTBUY_2023_10K.pdf,40,table,"what is invested capital  of Best Buy for for the fiscal year ending January 28, 2023? Answer in million."
Q075,453,,STEPBACK.pdf,1,figure,How many green bars appear in Figure 1?
Q076,386,,e79deb02a0c0e87511080836c5d4347b.pdf,5,layout,WHAT IS THE 2nd OBJECTIVE OF REGULATORY EFFICIENCY?
Q077,778,,2405.09818v1.pdf,6,chart,"At which step, the loss spikes when without QK-norm?"
Q078,776,A04,2405.09818v1.pdf,8,table,Does llama-1 apply qknorm? Directly answer 'yse' or 'no'
Q079,70,A22,2401.18059v1.pdf,6,chart,What are the horizontal and vertical axis of Figure 3 respectively?
Q080,62,,2310.05634v2.pdf,1,chart,"In figure 1, which relation arrows do not point to specific leaf nodes?"
Q081,709,,f1f5242528411b262be447e61e2eb10f.pdf,18,figure,What DNA repair mechanisms does Figure 11 demonstrate?
Q082,756,,2306.05425v1.pdf,5,figure,"According to the figure, what is the first step of cold start?"
Q083,1078,,BESTBUY_2023_10K.pdf,39,text,"what goodwill does Best Buy have for for the fiscal year ending January 28, 2023?"
Q084,836,A39,f8d3a162ab9507e021d83dd109118b60.pdf,10,text,what's the topic of UNIT 14?
Q085,587,A24,a5879805d70c854ea4361e43a84e3bb2.pdf,1,text,What type of court is noted on the cover page?
Q086,69,,2401.18059v1.pdf,7,chart,"In figure 4, which nodes are retrieved by RAPTOR for both questions?"
Q087,370,A32,afe620b9beac86c1027b96d31d396407.pdf,9,table,Which executive directors have attended Board Meetings more than 6 times?
Q088,1081,,BESTBUY_2023_10K.pdf,19,table,how many Domestic store does Best Buy have in fiscal 2023?
Q089,13,,0e94b4197b10096b1f4c699701570fbf.pdf,2,text,Where was Gestalt psychology concieved?
Q090,937,,c31e6580d0175ab3f9d99d1ff0bfa000.pdf,4,text,What are the HIT applications?
Q091,518,A13,8dfc21ec151fb9d3578fc32d5c4e5df9.pdf,17,figure,"On the left or right side of the screen, can you immediately find information about the percentage of the total available students represented by your chosen search criteria? Answer 'left' or 'right'."
Q092,588,,a5879805d70c854ea4361e43a84e3bb2.pdf,14,text,what is the email id of the mtre laurent nahmiash ?
Q093,857,,bigdatatrends-120723191058-phpapp02_95.pdf,8,figure,What are the two companies that offer both of business intelligence in its app and structured DB in its infrastructure? 
Q094,366,,afe620b9beac86c1027b96d31d396407.pdf,1,text,What was the value of absolute percentage shortfall in India's GDP growth from 2002 to 2003 compared to the forecast?
Q095,393,,e79deb02a0c0e87511080836c5d4347b.pdf,5,layout,What are the top2 texts of the red words in the document?
Q096,164,,finalmediafindingspdf-141228031149-conversion-gate02_95.pdf,12,figure,What is the color of Kailali in the map of Page 12?
Q097,372,,afe620b9beac86c1027b96d31d396407.pdf,9,table,Who are the non-executive and independent directors of GODFREY PHILLIPS INDIA LIMITED? Enumerate all of them in a list.
Q098,438,,SnapNTell.pdf,6,figure,"In the SnapNTell model architecture, what is the image used as an example input in the paper?"
Q099,989,A03,SAO-StudentSupport_Guidebook-Content.pdf,19,table,What is thed dental telephone number for fullerton healthcare at NTU?
Q100,1083,,BESTBUY_2023_10K.pdf,40,table,what is basic earnings per ordinary share in FY2023 for Bestbuy?
Q101,391,,e79deb02a0c0e87511080836c5d4347b.pdf,12,chart,What is the title of the diagram on page 9?
Q102,1033,,NETFLIX_2015_10K.pdf,47,text,what is advertsing expense of Neflix in FY 2015? Answer in millions
Q103,364,,afe620b9beac86c1027b96d31d396407.pdf,8,text,What are the bankers' names associated with GODFREY PHILLIPS INDIA LIMITED? 
Q104,389,A27,e79deb02a0c0e87511080836c5d4347b.pdf,1,figure,How many people are there in the images on the cover?
Q105,17,,0e94b4197b10096b1f4c699701570fbf.pdf,14,chart,Which category has the most increase from 2005 to 2010 for time spent on weedends?
Q106,15,A01,0e94b4197b10096b1f4c699701570fbf.pdf,10,chart,What range does red color represents in approximate distance from the Mississippi River in the chart that tracks the West NIle Virus in Europe?
Q107,343,,PP_2019.01.17_Trump-economy_FINAL2.pdf,7,chart,What is the proportion of people who say they are very confident in Trump's ability to handle an international crisis?
Q108,946,A19,f86d073b0d735ac873a65d906ba82758.pdf,9,table,"What is the sum ratio of shares held of the top-3 shareholders as on 31st, March, 2007?"
Q109,345,,PP_2019.01.17_Trump-economy_FINAL2.pdf,7,chart,What is the percentage difference between the proportion of people who are very confident in Trump's ability to make wise decisions about immigration policy and those who are not confident at all?
Q110,881,,2307.09288v2.pdf,16,figure,How many more emojis does the right subfig have than the left subfig in Figure 9?
Q111,402,,chapter8-geneticscompatibilitymode-141214140247-conversion-gate02_95.pdf,5,figure,What are the three steps of binary fission of a prokaryotic cell?
Q112,439,,SnapNTell.pdf,13,table,"In the 3rd Wiki filtering, how many more entities were filtered out compared to the 1st Wiki filtering?"
Q113,333,A05,GPL-Graduate-Studies-Professional-Learning-Brochure-Jul-2021.pdf,16,figure,"In the figure at Page at the second last, howm many people are standing? "
Q114,753,,2306.05425v1.pdf,2,figure,What task is on the top of the planning branch of the tree?
Q115,1075,,BESTBUY_2023_10K.pdf,39,table,"what is capitalization ratio for Best Buy for the fiscal year ending January 28, 2023? Answer in percentage term, round to one decimal places."
Q116,0,,PH_2016.06.08_Economy-Final.pdf,5,chart,"According to the report, how do 5% of the Latinos see economic upward mobility for their children?"
Q117,390,,e79deb02a0c0e87511080836c5d4347b.pdf,4,figure,How many cats are there in the images on page 1?
Q118,54,A26,reportq32015-151009093138-lva1-app6891_95.pdf,10,chart,"In 2014, which one has more mobile apps globally, Apple App store or Google Play store? How many Apps does it have in million?"
Q119,759,A11,2306.05425v1.pdf,16,table,How many languages are shown in the in-context examples for multi-lingual translation query?
Q120,350,A30,PP_2019.01.17_Trump-economy_FINAL2.pdf,15,chart,"Compared to Trump in January 2019, what higher percentage of Republicans believed that Clinton in February 1995 would be an unsuccessful president in the long run?"
Q121,1038,,NETFLIX_2015_10K.pdf,54,text,what is operating leases occurred in FY 2015 for Netfilx?Answer in million.
Q122,814,A10,PI_2018.11.19_algorithms_FINAL.pdf,22,chart,"Among all the emotions that social media makes users feel, what was the 4th most popular emotion?"
Q123,935,,c31e6580d0175ab3f9d99d1ff0bfa000.pdf,12,text,"TOP security concerns of computerized medical information DIAGRAM DISCUSSED ABOUT WHICH YEAR? List all of them like ['2014', '2018', '2020']."
Q124,330,,GPL-Graduate-Studies-Professional-Learning-Brochure-Jul-2021.pdf,10,figure,"How many male and female are there in page 17? Please write the answer in list format, e.g., [""1"",""2""]"
Q125,932,,c31e6580d0175ab3f9d99d1ff0bfa000.pdf,1,text,What is the title of the slide?
Q126,829,,f8d3a162ab9507e021d83dd109118b60.pdf,1,text,How many lines are highlighted in yellow on the first page? Give me an integer.
Q127,861,,bigdatatrends-120723191058-phpapp02_95.pdf,20,figure,List the different senses in the ascending order of their bandwidth according to Page 20
Q128,385,,e79deb02a0c0e87511080836c5d4347b.pdf,5,layout,What are the words written in the first rectangle on the top of the page two?
Q129,1035,,NETFLIX_2015_10K.pdf,24,table,what is research and development expense of Neflix in FY 2015? Answer in thousands.
Q130,120,,PG_2020.03.09_US-Germany_FINAL.pdf,5,chart,"Among people who age 30-49, what is the difference of percentage value between Americen and Germen having positive view on their bilateral relationship?"
Q131,1032,,NETFLIX_2015_10K.pdf,24,text,What amount did  personnel-related costs increase for Netfilx in 2015? Answer in millions.
Q132,497,A35,Pew-Research-Center_Hispanic-Identity-Report_12.20.2017.pdf,5,chart,What's the average value of all orange bars in the chart about the percentage of U.S. adults with Hispanic ancestry who self-identify as Hispanic or Non-Hispanic?
Q133,839,,nielsen2015musicbizpresentation-final-150526143534-lva1-app6891_95.pdf,9,table,What is the combined percentage of Album Sales % and Song Sales % for the Country genre?
Q134,123,A06,PG_2020.03.09_US-Germany_FINAL.pdf,16,chart,"According to this report,  what percentage of Germany respondent view China or Japan as the top economic power? Give me a percantage value."
Q135,373,,afe620b9beac86c1027b96d31d396407.pdf,20,table,How much higher was the proposed dividend paid (Rupees in lacs) in 2002 compared to 2001?
Q136,879,,2307.09288v2.pdf,49,table,How many slots are missed in Table 21?
Q137,507,,8dfc21ec151fb9d3578fc32d5c4e5df9.pdf,8,text,"What's the geographic market name for EPS Code AR01?

"
Q138,616,A02,bariumswallowpresentation-090810084400-phpapp01_95.pdf,77,figure,"What position is the man with the red shirt in the figure on the last page, directly answer 'bottom', 'middle' or 'top'?"
Q139,118,,PG_2020.03.09_US-Germany_FINAL.pdf,15,chart,What's the percentage value of west Germany respondents viewing Germany's relationship with the United States is as important as its relationship with Russia?
Q140,498,,Pew-Research-Center_Hispanic-Identity-Report_12.20.2017.pdf,26,table,"According to the 2015 National Survey of Latinos details, which group of Latinos has the largest sample size among the 1500 samples in total?"
Q141,988,,SAO-StudentSupport_Guidebook-Content.pdf,13,table,Which email should an exchange student contact for housing matters?
Q142,1071,,BESTBUY_2023_10K.pdf,42,table,"Among operations, investing, and financing activities, which brought in the most (or lost the least) cash flow for Best Buy in FY2022?"
Q143,456,P2,STEPBACK.pdf,6,table,How much higher is the accuracy of PaLM-2L + RAG compared to PaLM-2L on TimeQA?
Q144,377,,afe620b9beac86c1027b96d31d396407.pdf,2,chart,"What are the years specified in the pie chart of the document? Format all of the years in a list like ['2006', '2007', '2011']"
